date,equity
2014-10-23,1.0
2014-10-24,1.0
2014-10-27,1.0
2014-10-28,1.0
2014-10-29,0.9998999977111817
2014-10-30,0.9998999977111817
2014-10-31,1.0018007634514976
2014-11-03,1.0049779283051268
2014-11-04,1.0050759771763877
2014-11-05,1.0036058551726044
2014-11-06,1.000845439454081
2014-11-07,1.0017426131852565
2014-11-10,1.0080003920967457
2014-11-11,1.0050927059459986
2014-11-12,1.0019548585394351
2014-11-13,1.003245773195197
2014-11-14,1.005221646413621
2014-11-17,1.001398771482487
2014-11-18,0.9997065462294868
2014-11-19,1.0052187047927295
2014-11-20,0.9954116930386541
2014-11-21,0.9952075013512276
2014-11-24,0.995616220161589
2014-11-25,0.9954121957794866
2014-11-26,0.9945954480900667
2014-11-27,0.9935711440341829
2014-11-28,0.9962453544786943
2014-12-01,0.9953294991746349
2014-12-02,0.9964530174270299
2014-12-03,0.9928942528410267
2014-12-04,0.9929974130465735
2014-12-05,0.9923787285838847
2014-12-08,0.9941360666345934
2014-12-09,0.9956757674534013
2014-12-10,0.9980221298033981
2014-12-11,0.9971125384720726
2014-12-12,0.9980254609675588
2014-12-15,0.9975201393309474
2014-12-16,0.9979252135915189
2014-12-17,0.9988351773456821
2014-12-18,0.9971225998670422
2014-12-19,0.9964125461718768
2014-12-22,0.9942762764288505
2014-12-23,0.9942762764288505
2014-12-24,0.9929423746011604
2014-12-25,0.9931487050118094
2014-12-26,0.9916025511627513
2014-12-29,0.989839240472879
2014-12-30,0.9910928515210292
2014-12-31,0.9919243916759964
2015-01-05,0.9937891091357316
2015-01-06,0.9958455869506572
2015-01-07,0.9929901088315013
2015-01-08,0.9904109137436272
2015-01-09,0.9932257705866263
2015-01-12,0.993019595499937
2015-01-13,0.9924005758074661
2015-01-14,0.9922971445138303
2015-01-15,0.9918832467700955
2015-01-16,0.9922978365217389
2015-01-19,0.9928151893264677
2015-01-20,0.9911630803032536
2015-01-21,0.9903314812253989
2015-01-22,0.9873067824282952
2015-01-23,0.9880459393336236
2015-01-26,0.986361472677533
2015-01-27,0.9871034930946135
2015-01-28,0.9868921170624991
2015-01-29,0.9876325473688626
2015-01-30,0.9888980757984948
2015-02-02,0.9876389925453318
2015-02-03,0.9860570867711929
2015-02-04,0.9689682544992664
2015-02-05,0.987582507342054
2015-02-06,0.9891753782703371
2015-02-09,0.9891753782703371
2015-02-10,0.9886478261185228
2015-02-11,0.9879076450598122
2015-02-12,0.9875894912783321
2015-02-13,0.9861027836778592
2015-02-24,0.9845002371045202
2015-02-25,0.9847153158154416
2015-02-26,0.9849302067828739
2015-03-02,0.98450079959832
2015-03-03,0.9860063309239194
2015-03-04,0.9854718979385299
2015-03-05,0.9860074927613731
2015-03-06,0.9863281325438908
2015-03-09,0.9868618721176117
2015-03-10,0.988672628591814
2015-03-11,0.9875094779164566
2015-03-12,0.9860221113425396
2015-03-13,0.9862358675711423
2015-03-16,0.9860222964996537
2015-03-17,0.9865567177518056
2015-03-18,0.9844236140087419
2015-03-19,0.9833477575782096
2015-03-20,0.9832396949162975
2015-03-23,0.9832396949162975
2015-03-24,0.9838883354314848
2015-03-25,0.9856135078538365
2015-03-26,0.9860418125034512
2015-03-27,0.9872175666063985
2015-03-30,0.9865792850496127
2015-03-31,0.9876458613183164
2015-04-01,0.9875396604100926
2015-04-02,0.9853085220943663
2015-04-07,0.9849868892952013
2015-04-08,0.9867045759296855
2015-04-09,0.9851053829727823
2015-04-10,0.9846761333442435
2015-04-13,0.9849986329142858
2015-04-14,0.9855354087085918
2015-04-15,0.9866066469571353
2015-04-16,0.9855400411078782
2015-04-17,0.9868255371348668
2015-04-20,0.9861861107205773
2015-04-21,0.9866135034536826
2015-04-22,0.9845869402908214
2015-04-23,0.9805001874571231
2015-04-24,0.9787502724798725
2015-04-27,0.9774283720738858
2015-04-28,0.978314425296368
2015-04-29,0.979417999106327
2015-04-30,0.9799672997561109
2015-05-04,0.9796384650343728
2015-05-05,0.9812849120137834
2015-05-06,0.9812849120137834
2015-05-07,0.9820481302846342
2015-05-08,0.9812872772621264
2015-05-11,0.9829227518983256
2015-05-12,0.9828144383699648
2015-05-13,0.9827060770726908
2015-05-14,0.9845489906502974
2015-05-15,0.9858402115253798
2015-05-18,0.9851979760644562
2015-05-19,0.9831588896223873
2015-05-20,0.9846739324831097
2015-05-21,0.9861797285692677
2015-05-22,0.9856452015992674
2015-05-25,0.9844667266422593
2015-05-26,0.9847896659378237
2015-05-27,0.9824244579256627
2015-05-28,0.9829672255757254
2015-05-29,0.9834004992923403
2015-06-01,0.9857792505649606
2015-06-02,0.985243800148373
2015-06-03,0.9867463440055656
2015-06-04,0.9914400620416937
2015-06-05,0.9909165864734005
2015-06-08,0.9908116696604018
2015-06-09,0.9920711848846245
2015-06-10,0.9909224645072614
2015-06-11,0.9915519691193995
2015-06-12,0.9919705558605671
2015-06-15,0.9927018632541614
2015-06-16,0.9936393587596236
2015-06-17,0.9935355820367878
2015-06-18,0.9923936005436179
2015-06-22,0.9894732549887193
2015-06-23,0.9896843474478625
2015-06-24,0.988946173760019
2015-06-25,0.9877827012650441
2015-06-26,0.9900143684110468
2015-06-29,0.9926473854551631
2015-06-30,0.9906673156641278
2015-07-01,0.9883560960278234
2015-07-02,0.9892044695778842
2015-07-03,0.9899442762048813
2015-07-06,0.9894174178302162
2015-07-07,0.9902621704332749
2015-07-08,0.9974181596895748
2015-07-09,0.9963951628028692
2015-07-10,0.9943407515018868
2015-07-13,0.9934085555039338
2015-07-14,0.9933045857225532
2015-07-15,0.9928885324028375
2015-07-16,0.99309690832847
2015-07-17,0.9925764252263509
2015-07-20,0.9941411764588675
2015-07-21,0.9945558235956273
2015-07-22,0.9955907451908991
2015-07-23,0.9967244469648252
2015-07-24,0.9989815616379268
2015-07-27,1.001828539028614
2015-07-28,1.0008231879544938
2015-07-29,1.0017316523012003
2015-07-30,1.0001224463684473
2015-07-31,1.0023494326935776
2015-08-03,1.0034531269068707
2015-08-04,1.0025540633543522
2015-08-05,1.001050236083761
2015-08-06,1.006093310224043
2015-08-07,1.005104516976568
2015-08-10,1.0021264370925278
2015-08-11,1.0047384790137703
2015-08-12,1.0067270833825035
2015-08-13,1.007220327737953
2015-08-14,1.0071218867492713
2015-08-17,1.008500825078721
2015-08-18,1.0104600376376918
2015-08-19,1.014542686477628
2015-08-20,1.0173170223627763
2015-08-21,0.9624292184209909
2015-08-24,0.9469813069531527
2015-08-25,0.9589169547784051
2015-08-26,0.96691312742375
2015-08-27,0.9695737931792417
2015-08-28,0.9748373713519978
2015-08-31,0.9789357912878687
2015-09-01,0.969607115192162
2015-09-02,0.981704748002111
2015-09-03,0.9798783223867993
2015-09-04,0.9755079610121042
2015-09-07,0.9766790434745463
2015-09-08,0.9843712631745553
2015-09-09,0.9914912754244596
2015-09-10,0.9923701588565023
2015-09-11,0.9947785720550006
2015-09-14,0.9946701468430061
2015-09-15,0.9940193324798341
2015-09-16,0.9978257355055076
2015-09-17,1.001253602906849
2015-09-18,0.998189070454841
2015-09-21,0.9941235719322153
2015-09-22,0.99162193239149
2015-09-23,0.9888750571164056
2015-09-24,0.9854306666363029
2015-09-25,0.985994104734788
2015-09-29,0.9816093959593442
2015-09-30,0.9888212324804149
2015-10-01,0.9934928295225318
2015-10-02,0.9967680721421783
2015-10-05,0.9975223798271565
2015-10-06,0.9973075074033124
2015-10-07,1.0042967411310155
2015-10-08,1.0020998317212253
2015-10-12,1.0074823609439751
2015-10-13,1.0050024067282608
2015-10-14,1.0072983551890324
2015-10-15,1.0100906654908468
2015-10-16,1.009886085483833
2015-10-19,1.0101932043556139
2015-10-20,1.011624645958839
2015-10-21,1.0074561438640426
2015-10-22,1.0132455221005705
2015-10-23,1.0138519672389288
2015-10-26,1.0139528001719669
2015-10-27,1.012239360348927
2015-10-28,1.0118334405534553
2015-10-29,1.006954690257049
2015-10-30,1.0053999520476462
2015-11-02,1.009780325922409
2015-11-03,1.0157262395194955
2015-11-04,1.0209350773329622
2015-11-05,1.0202479124630586
2015-11-06,1.0124717922822546
2015-11-09,1.0072926465252783
2015-11-10,1.005426326598072
2015-11-11,1.0006211817696065
2015-11-12,0.9990235798879784
2015-11-13,0.9934496439396684
2015-11-16,0.998822602831523
2015-11-17,1.001398821941735
2015-11-18,0.9979988504729417
2015-11-19,1.0012303548726686
2015-11-20,1.0031445531749368
2015-11-23,1.001878080930812
2015-11-24,0.9986958398549163
2015-11-25,1.0004149488455167
2015-11-26,1.0041498353919056
2015-11-27,0.9950020743232243
2015-11-30,0.9974036286452207
2015-12-01,1.0014040434094087
2015-12-02,0.999594917303764
2015-12-03,0.9990589496441709
2015-12-04,1.0016371637767578
2015-12-07,1.0007865173220414
2015-12-08,0.9941715016177466
2015-12-09,0.9894582263864735
2015-12-10,0.9901286821229657
2015-12-11,0.9792077408709734
2015-12-14,0.9843399628811292
2015-12-15,0.9871964341203424
2015-12-16,0.9908108799547003
2015-12-17,0.9910335391907195
2015-12-18,0.9884753207366427
2015-12-21,0.9930833335525269
2015-12-22,0.9930833335525269
2015-12-23,0.996172933722426
2015-12-24,0.9950830248642186
2015-12-25,0.9974913590614244
2015-12-28,0.9965155506224913
2015-12-29,0.9955359050274266
2015-12-30,0.99203896542478
2015-12-31,0.9922606551884754
2016-01-04,0.9828474639849402
2016-01-05,0.9821565404466135
2016-01-06,0.9766135106585442
2016-01-07,0.9703508874312569
2016-01-08,0.9691379441949742
2016-01-11,0.9695036650060136
2016-01-12,0.968286455533577
2016-01-13,0.9631483584121805
2016-01-14,0.96927350415972
2016-01-15,0.9601294142784526
2016-01-18,0.970269397564174
2016-01-19,0.9701477309037513
2016-01-20,0.9633311408724704
2016-01-21,0.9647091134859164
2016-01-22,0.9698160288528719
2016-01-25,0.9687181336606157
2016-01-26,0.9721493899737119
2016-01-27,0.9700951268426073
2016-01-28,0.9721669389630258
2016-01-29,0.9888430054287956
2016-01-30,0.9879373687018256
2016-02-01,0.9849832117035648
2016-02-02,0.9834882088178213
2016-02-03,0.979785668503881
2016-02-15,0.9842499098102447
2016-02-16,0.9927885350245852
2016-02-17,0.9943502393898065
2016-02-18,0.9943502393898065
2016-02-19,0.9961238835574813
2016-02-22,0.9972245771071767
2016-02-23,0.996019134167166
2016-02-24,0.9946977065167026
2016-02-25,0.9994580886391656
2016-02-26,0.9990235524099202
2016-03-01,1.0070766806838722
2016-03-02,1.006338512527804
2016-03-03,1.0097229371760357
2016-03-04,1.0112883950821008
2016-03-07,1.0107697935620774
2016-03-08,1.0100422305574313
2016-03-09,1.0108761139927624
2016-03-10,1.0117072747727585
2016-03-11,1.0164706770076066
2016-03-14,1.0178937297513726
2016-03-15,1.011525584618036
2016-03-16,1.0186804096863222
2016-03-17,1.0175709496607142
2016-03-18,1.0220282095700384
2016-03-21,1.0192404005989764
2016-03-22,1.018032403527841
2016-03-23,1.017627830372028
2016-03-24,1.0196539761253083
2016-03-25,1.0167392341513821
2016-03-28,1.016535881650289
2016-03-29,1.0139919980042924
2016-03-30,1.0222149557097768
2016-03-31,1.0169370734856626
2016-04-01,1.0134794858840885
2016-04-06,1.0072934423147928
2016-04-07,1.0026427839335748
2016-04-08,1.0072736622499276
2016-04-11,1.009917425248853
2016-04-12,1.0106500246335612
2016-04-13,1.0182677223452647
2016-04-14,1.0149241575262704
2016-04-15,1.0163615754251387
2016-04-18,1.018301397058553
2016-04-19,1.0156669832149592
2016-04-20,1.0092166678988947
2016-04-21,1.0099521888469365
2016-04-22,1.0101617073017717
2016-04-25,1.0118365852853881
2016-04-26,1.0129804973839887
2016-04-27,1.0138086871005976
2016-04-28,1.0034900234183393
2016-04-29,1.0015529884140415
2016-05-03,0.9965642122922341
2016-05-04,0.9925801620965613
2016-05-05,0.9915678973036418
2016-05-06,0.9913420439871583
2016-05-09,0.9896464589072927
2016-05-10,0.9937439096461462
2016-05-11,0.989041120712422
2016-05-12,0.9884704190196946
2016-05-13,0.9858390576746446
2016-05-16,0.9884988162959797
2016-05-17,0.9909464095271386
2016-05-18,0.998578177735768
2016-05-19,0.9908497107225966
2016-05-20,0.9940763840388497
2016-05-23,1.0512749402899852
2016-05-24,1.0523928765020412
2016-05-25,1.0664366327932002
2016-05-26,1.0742997912848622
2016-05-27,1.0805408825055423
2016-05-30,1.095304140750157
2016-05-31,1.0918973401862662
2016-06-01,1.1146096353442776
2016-06-02,1.1083639127312674
2016-06-03,1.119152044663379
2016-06-04,1.1202876431670368
2016-06-06,1.1259654100852274
2016-06-07,1.1447021746275732
2016-06-08,1.1265336693493029
2016-06-13,1.0941701889600963
2016-06-14,1.11745026501667
2016-06-15,1.1163146621595899
2016-06-16,1.1060945450667428
2016-06-17,1.1344844224194564
2016-06-20,1.1475432286019016
2016-06-21,1.1464076722103052
2016-06-22,1.1464076722103052
2016-06-23,1.075436912110733
2016-06-24,1.0998533925148812
2016-06-27,1.1112095357618008
2016-06-28,1.128811178818599
2016-06-29,1.153225824738768
2016-06-30,1.1787751060001601
2016-07-01,1.1833170536064321
2016-07-04,1.178207379705879
2016-07-05,1.1322201107784506
2016-07-06,1.1606091370345781
2016-07-07,1.2071653406298286
2016-07-11,1.223629403888912
2016-07-12,1.225900197873713
2016-07-13,1.2310096048814718
2016-07-14,1.26053040733536
2016-07-15,1.2667749927585117
2016-07-18,1.290049948338723
2016-07-19,1.288914590299286
2016-07-20,1.3019709009298757
2016-07-21,1.3099181851674815
2016-07-22,1.3121887389116929
2016-07-25,1.2900503855665126
2016-07-26,1.31729833810575
2016-07-27,1.310486516335876
2016-07-28,1.3190013898798558
2016-07-29,1.3042425619825377
2016-08-01,1.3303547218788392
2016-08-02,1.293458186191461
2016-08-03,1.3121911164568272
2016-08-04,1.320138209847514
2016-08-05,1.3559000097426825
2016-08-08,1.3502237558282568
2016-08-09,1.3610086983924852
2016-08-10,1.3598734325659774
2016-08-11,1.3604410662208255
2016-08-12,1.3644143909452853
2016-08-15,1.3632791295505926
2016-08-16,1.346818250933715
2016-08-17,1.3451153240508633
2016-08-18,1.3564679758953995
2016-08-19,1.310490435554015
2016-08-22,1.3110581027060482
2016-08-23,1.3354672323467571
2016-08-24,1.3252497393319689
2016-08-25,1.3530643013201251
2016-08-26,1.3513614922301855
2016-08-29,1.3559025058681142
2016-08-30,1.3479556924521532
2016-08-31,1.329791565516365
2016-09-01,1.320709307904498
2016-09-02,1.340577000843884
2016-09-05,1.3604442330047946
2016-09-06,1.3899605829005064
2016-09-07,1.415502641738344
2016-09-08,1.3854206146996744
2016-09-09,1.3252542996480587
2016-09-10,1.328660255646489
2016-09-12,1.3246866562557211
2016-09-13,1.2957367683960737
2016-09-14,1.333202753779709
2016-09-19,1.3780463848624818
2016-09-20,1.36726171312659
2016-09-21,1.418347573917495
2016-09-22,1.4092661790509515
2016-09-23,1.4064281468730089
2016-09-26,1.3911030494965073
2016-09-27,1.3911030494965073
2016-09-28,1.4211861546611535
2016-09-29,1.4013206152913347
2016-09-30,1.4047261778549172
2016-10-03,1.4086994454089172
2016-10-04,1.4109697657296236
2016-10-05,1.4245919781320964
2016-10-06,1.4223216975013628
2016-10-07,1.44445750317076
2016-10-11,1.4058625873079977
2016-10-12,1.4279989214050373
2016-10-13,1.4024576586968374
2016-10-14,1.3990520960282684
2016-10-17,1.4035928996376286
2016-10-18,1.4200531887884338
2016-10-19,1.4353780859894785
2016-10-20,1.4427565567724447
2016-10-21,1.4546756628067525
2016-10-24,1.455243242316828
2016-10-25,1.4654594507531182
2016-10-26,1.4631891588668728
2016-10-27,1.4529730370791656
2016-10-28,1.431405515741552
2016-10-31,1.4325407036989648
2016-11-01,1.4211890547170851
2016-11-02,1.4001882740703342
2016-11-03,1.3831602963330887
2016-11-04,1.393241700941123
2016-11-07,1.4007291820935637
2016-11-08,1.4063582185212617
2016-11-09,1.3956992946333513
2016-11-10,1.387989015223727
2016-11-11,1.3816513744615533
2016-11-14,1.3789202116201924
2016-11-15,1.3841728215066555
2016-11-16,1.3827887333679436
2016-11-17,1.380566583935855
2016-11-18,1.3901938641158673
2016-11-21,1.4079525352724067
2016-11-22,1.4355379851004615
2016-11-23,1.4360889332624007
2016-11-24,1.4280528422828789
2016-11-25,1.4297733823178596
2016-11-28,1.451566011196043
2016-11-29,1.4486606846608474
2016-11-30,1.449820040728966
2016-12-01,1.4353270575369244
2016-12-02,1.4254716691153726
2016-12-05,1.450400280230873
2016-12-06,1.4718499381127184
2016-12-07,1.4840237104773943
2016-12-08,1.496777149250743
2016-12-09,1.508950603634628
2016-12-12,1.491560142052551
2016-12-13,1.500255531189961
2016-12-14,1.478806995618995
2016-12-15,1.491560509679034
2016-12-16,1.4695320671624925
2016-12-19,1.4585176985948392
2016-12-20,1.4533002580199008
2016-12-21,1.4457638635656491
2016-12-22,1.409821123844371
2016-12-23,1.4115602901516053
2016-12-26,1.415038837227465
2016-12-27,1.41619823789036
2016-12-28,1.4312715330050125
2016-12-29,1.4486635615558898
2016-12-30,1.4515621233416662
2017-01-03,1.4596781594875068
2017-01-04,1.4573593595427576
2017-01-05,1.482287156684593
2017-01-06,1.4921420708743922
2017-01-09,1.478809011165184
2017-01-10,1.4962001602496233
2017-01-11,1.486345387849018
2017-01-12,1.4967799738082046
2017-01-13,1.4753313239269945
2017-01-16,1.4625778517847134
2017-01-17,1.4677952774852479
2017-01-18,1.4602589886154513
2017-01-19,1.4579401883594163
2017-01-20,1.483447607398032
2017-01-23,1.499679255880832
2017-01-24,1.5176496307415492
2017-02-02,1.5037373290584242
2017-02-03,1.5014186338880533
2017-02-06,1.5124326560057486
2017-02-07,1.5159108334398506
2017-02-08,1.5257654130561706
2017-02-09,1.5477930161584157
2017-02-10,1.5761964487924824
2017-02-13,1.5970637346568637
2017-02-14,1.5935859615054482
2017-02-15,1.6289436819369691
2017-02-16,1.6115552358567216
2017-02-17,1.6150329615705339
2017-02-18,1.6150329615705339
2017-02-20,1.601701632375454
2017-02-21,1.6150331348789633
2017-02-22,1.597064814881139
2017-02-23,1.5959055195277367
2017-02-24,1.5912684434094777
2017-03-01,1.5930073963273084
2017-03-02,1.5570698711979962
2017-03-03,1.5518529438329411
2017-03-06,1.5704020671654413
2017-03-07,1.5814154474242241
2017-03-08,1.5877915630439328
2017-03-09,1.5506945264099798
2017-03-10,1.5611284543691402
2017-03-13,1.5773588518281616
2017-03-14,1.5825756775080682
2017-03-15,1.6046020754275927
2017-03-16,1.6283669336213684
2017-03-17,1.6312650884094817
2017-03-20,1.6498127853723819
2017-03-21,1.6451759425507864
2017-03-22,1.6602457756974756
2017-03-23,1.6486537266786687
2017-03-24,1.6335839416785634
2017-03-27,1.6544501154876377
2017-03-28,1.648654057987471
2017-03-29,1.6370619898856256
2017-03-30,1.6370619898856256
2017-03-31,1.6312658364552026
2017-04-05,1.6614059131176762
2017-04-06,1.643438235818632
2017-04-07,1.6463363512664642
2017-04-10,1.6277889056028172
2017-04-11,1.6190945389860645
2017-04-12,1.621413085677458
2017-04-13,1.6208334502991804
2017-04-14,1.608661321664846
2017-04-17,1.6196743090485968
2017-04-18,1.5906931525449175
2017-04-19,1.567507589678081
2017-04-20,1.5848971359287627
2017-04-21,1.6167775717986177
2017-04-24,1.6138793793100377
2017-04-25,1.6544533035147775
2017-04-26,1.638803951274193
2017-04-27,1.6417020841091527
2017-04-28,1.6660457800393744
2017-05-02,1.678796906694621
2017-05-03,1.6857520545283633
2017-05-04,1.6805357549044282
2017-05-05,1.6811152482963778
2017-05-08,1.689809192168933
2017-05-09,1.6985029556322488
2017-05-10,1.7025600054446421
2017-05-11,1.7124128514096761
2017-05-12,1.7100945035247983
2017-05-15,1.727481817842914
2017-05-16,1.7135722513815628
2017-05-17,1.6816956607088593
2017-05-18,1.7008221371445194
2017-05-19,1.7048792910479522
2017-05-22,1.7037201085269231
2017-05-23,1.7182095738002563
2017-05-24,1.735596658901336
2017-05-25,1.7529835824963407
2017-05-26,1.7471880310798276
2017-05-31,1.7280626896978228
2017-06-01,1.7605183520527625
2017-06-02,1.7721093815588391
2017-06-03,1.762836696899684
2017-06-05,1.7796435344714017
2017-06-06,1.779063981649934
2017-06-07,1.7860185085076383
2017-06-08,1.7981887183190688
2017-06-09,1.7628374512246603
2017-06-12,1.761098766370481
2017-06-13,1.7634169058772282
2017-06-14,1.7373373096369105
2017-06-15,1.7413942234670843
2017-06-16,1.7761678177616531
2017-06-19,1.820213008965633
2017-06-20,1.8341214736016074
2017-06-21,1.8630970155047681
2017-06-22,1.8688921378629384
2017-06-23,1.8694715367619874
2017-06-26,1.94074950409472
2017-06-27,1.9094586892545036
2017-06-28,1.9204686817355343
2017-06-29,1.8746903179219132
2017-06-30,1.887439265240381
2017-07-03,1.8938136716499936
2017-07-04,1.8764291589624675
2017-07-05,1.9013471810516316
2017-07-06,1.8746910734250892
2017-07-07,1.877009104973447
2017-07-10,1.8920758388567758
2017-07-11,1.9326399239593863
2017-07-12,1.9511828599449925
2017-07-13,1.9592952463932838
2017-07-14,1.9795763024039945
2017-07-17,1.967407996138293
2017-07-18,1.9749407036179654
2017-07-19,1.9998569778782518
2017-07-20,1.9853710640834281
2017-07-21,1.9529223888614786
2017-07-24,1.9703060904388652
2017-07-25,1.9813155648138159
2017-07-26,1.9772594662440806
2017-07-27,1.9847923395978873
2017-07-28,1.961614507152983
2017-07-31,1.9726242802148874
2017-08-01,1.9917459902970431
2017-08-02,1.9865310164645815
2017-08-03,1.9900077536212335
2017-08-04,2.016662002635955
2017-08-07,2.044474586726402
2017-08-08,2.0137655523949056
2017-08-09,2.0068124437544133
2017-08-10,1.9442334642352286
2017-08-11,1.9621969012798701
2017-08-14,1.957561156309081
2017-08-15,1.9390185499307515
2017-08-16,1.9511872756739896
2017-08-17,1.9459721267196992
2017-08-18,1.9494489809248063
2017-08-21,1.967991709604115
2017-08-22,1.9934875310718851
2017-08-23,1.9917492796394507
2017-08-24,2.018403536118213
2017-08-25,2.0218801930530366
2017-08-28,2.013188684576056
2017-08-29,2.026515592013616
2017-08-30,2.0514309259715144
2017-08-31,2.043319151775676
2017-09-01,2.0421602881293843
2017-09-04,2.0491134761698944
2017-09-05,2.0346280760694215
2017-09-06,2.0363662726802616
2017-09-07,2.016665926903914
2017-09-08,2.0595438822937666
2017-09-11,2.0456379048523994
2017-09-12,2.042740859925964
2017-09-13,2.016087633914981
2017-09-14,2.025937856082181
2017-09-15,2.0491150114643952
2017-09-18,2.0659179201879376
2017-09-19,2.0259387733979626
2017-09-20,2.011453099983609
2017-09-21,2.034050969326724
2017-09-22,1.9963885809587412
2017-09-25,1.9564070468415409
2017-09-26,1.938443960273272
2017-09-27,1.9506127216961127
2017-09-28,1.9390234432900335
2017-09-29,1.9761093035545036
2017-10-02,1.9940723372958262
2017-10-03,1.9923340820832092
2017-10-05,2.0137734027326126
2017-10-06,2.0340534740903604
2017-10-11,2.071716129869183
2017-10-12,2.089677625919011
2017-10-13,2.107059799231038
2017-10-16,2.123282716202297
2017-10-17,2.1250208019874837
2017-10-18,2.1198063302753205
2017-10-19,2.122703442037837
2017-10-20,2.1290764996816205
2017-10-23,2.1169095087661973
2017-10-24,2.1232828148445013
2017-10-25,2.107060090714353
2017-10-26,2.1151715503220943
2017-10-27,2.118068451256165
2017-10-30,2.130815053360002
2017-10-31,2.153990215813573
2017-11-01,2.1354503089994377
2017-11-02,2.1412442465791424
2017-11-03,2.14703793865707
2017-11-06,2.135450382323853
2017-11-07,2.145879249309295
2017-11-08,2.1424029130298563
2017-11-09,2.1030054404208434
2017-11-10,2.1047435533156875
2017-11-13,2.1035847392066223
2017-11-14,2.082726509339317
2017-11-15,2.05491517483013
2017-11-16,2.1035860943136098
2017-11-17,2.1116975842603645
2017-11-20,2.104744951878789
2017-11-21,2.156310998380312
2017-11-22,2.15515222678241
2017-11-23,2.149937860719441
2017-11-24,2.153414191601288
2017-11-27,2.1047467870361114
2017-11-28,2.0977941127208624
2017-11-29,2.0589743530479905
2017-11-30,2.0346390398475487
2017-12-01,2.0462273744071013
2017-12-04,2.036956656142383
2017-12-05,2.009723851984462
2017-12-06,1.9569951096250777
2017-12-07,1.96278963332466
2017-12-08,1.9703226562370666
2017-12-11,1.9917624322961447
2017-12-12,1.9633697345235976
2017-12-13,1.993501378151906
2017-12-14,1.9958192101877976
2017-12-15,1.979594857446909
2017-12-18,1.9894454202668246
2017-12-19,1.9668470369929434
2017-12-20,1.979015581581584
2017-12-21,1.9801745110379276
2017-12-22,1.9969786412291646
2017-12-25,1.9981375543946251
2017-12-26,1.9448287022756854
2017-12-27,1.9882887725495504
2017-12-28,2.0126256959932776
2017-12-29,2.027111617941854
2018-01-02,2.0711482319003367
2018-01-03,2.098380627583299
2018-01-04,2.1064921841681827
2018-01-05,2.1175008484856135
2018-01-08,2.124453481425694
2018-01-09,2.1296679847317233
2018-01-10,2.0989603733556024
2018-01-11,2.0989603733556024
2018-01-12,2.1505270965006553
2018-01-15,2.1482095330617637
2018-01-16,2.1563207977504733
2018-01-17,2.211940761135425
2018-01-18,2.2339562148856795
2018-01-19,2.261764676375329
2018-01-22,2.30463536936807
2018-01-23,2.2884143838738904
2018-01-24,2.264662192463801
2018-01-25,2.2623450346317133
2018-01-26,2.2976841238260413
2018-01-29,2.269297643151261
2018-01-30,2.233264193772838
2018-01-31,2.239911832988546
2018-02-01,2.235874445353457
2018-02-02,2.218524259375227
2018-02-05,2.188617038606017
2018-02-06,2.1873866309818175
2018-02-07,2.182236648612213
2018-02-08,2.1594566556411037
2018-02-09,2.17113988968147
2018-02-12,2.184011077446585
2018-02-21,2.191809153564716
2018-02-22,2.19317346545913
2018-02-23,2.207525307328964
2018-02-26,2.208852096365608
2018-02-27,2.193329489176912
2018-03-01,2.18949169173963
2018-03-02,2.193855000119088
2018-03-05,2.1969473001083295
2018-03-06,2.198177342978462
2018-03-07,2.200632034555195
2018-03-08,2.223388620867527
2018-03-09,2.2490212074017846
2018-03-12,2.2704584413589863
2018-03-13,2.2891413541322354
2018-03-14,2.258837876059157
2018-03-15,2.267674940042777
2018-03-16,2.248797579041782
2018-03-19,2.2387680137373183
2018-03-20,2.265602090150814
2018-03-21,2.2799190396411584
2018-03-22,2.1272073985661555
2018-03-23,2.152861068582386
2018-03-26,2.261439598378733
2018-03-27,2.2161026124562992
2018-03-28,2.190450526930191
2018-03-29,2.2047683223840244
2018-03-30,2.223261678583431
2018-04-02,2.1570438362586155
2018-04-03,2.1958219828909376
2018-04-09,2.198208313442407
2018-04-10,2.229826343028892
2018-04-11,2.2453368935062
2018-04-12,2.225650690925316
2018-04-13,2.2167022517837673
2018-04-16,2.2167022517837673
2018-04-17,2.1743465244144864
2018-04-18,2.19463020238789
2018-04-19,2.1809091227445156
2018-04-20,2.1272172150035686
2018-04-23,2.1039498784507966
2018-04-24,2.0556246439096917
2018-04-25,2.0753133677686484
2018-04-26,2.0562214588027556
2018-04-27,2.071137243639585
2018-04-30,2.101565001633778
2018-05-02,2.057415903896497
2018-05-03,2.031760744653207
2018-05-04,2.0765089679219693
2018-05-07,2.072929148850296
2018-05-08,2.1003740473841592
2018-05-09,2.1206588736288463
2018-05-10,2.1475058417775506
2018-05-11,2.186880882656456
2018-05-14,2.204778310418016
2018-05-15,2.16600134630596
2018-05-16,2.195234062067931
2018-05-17,2.16540548406052
2018-05-18,2.1731609176744895
2018-05-21,2.213131968977995
2018-05-22,2.2089560375906285
2018-05-23,2.180917363120411
2018-05-24,2.1880762353430843
2018-05-25,2.2131325011957985
2018-05-28,2.214922121486128
2018-05-29,2.168986695690247
2018-05-30,2.161231047908917
2018-05-31,2.1618277620931172
2018-06-01,2.214327436215712
2018-06-04,2.2650353147048907
2018-06-05,2.2578768570525076
2018-06-06,2.3115658971714823
2018-06-07,2.2912840474210223
2018-06-08,2.2763707227108863
2018-06-11,2.2483335395446318
2018-06-12,2.266826467035138
2018-06-13,2.249526889207312
2018-06-14,2.210751028054807
2018-06-15,2.1934505395852892
2018-06-19,2.1666046619005477
2018-06-20,2.1964339427262476
2018-06-21,2.164815649864806
2018-06-22,2.1636224494081535
2018-06-25,2.145724882271492
2018-06-26,2.1558671135053022
2018-06-27,2.1266340796692975
2018-06-28,2.1391626947220495
2018-06-29,2.192856592223376
2018-07-02,2.1821182242059325
2018-07-03,2.170783294039466
2018-07-04,2.173766170818123
2018-07-05,2.150499463298003
2018-07-06,2.182715327398982
2018-07-09,2.2286519761508283
2018-07-10,2.183313496797104
2018-07-11,2.1868928290099987
2018-07-12,2.2572890648620128
2018-07-13,2.2704132157113683
2018-07-16,2.2465513804918795
2018-07-17,2.2614652185127193
2018-07-18,2.273396211309712
2018-07-19,2.3026268922134308
2018-07-20,2.316347069029354
2018-07-23,2.330067118667719
2018-07-24,2.346173174843758
2018-07-25,2.3586998969984467
2018-07-26,2.3736126025406836
2018-07-27,2.3986658198523574
2018-07-30,2.3795780746321813
2018-07-31,2.4147713617897892
2018-08-01,2.4290871376786063
2018-08-02,2.386737042060809
2018-08-03,2.3968773912366323
2018-08-06,2.3968773912366323
2018-08-07,2.4100003233297387
2018-08-08,2.4189477421564582
2018-08-09,2.3974742433066663
2018-08-10,2.3670529510145557
2018-08-13,2.3282802348504097
2018-08-14,2.3282802348504097
2018-08-15,2.2656453507533554
2018-08-16,2.308000345133704
2018-08-17,2.2948766200358315
2018-08-20,2.3062107028809296
2018-08-21,2.3360372228694986
2018-08-22,2.3431956084755927
2018-08-23,2.3479676151783244
2018-08-24,2.3712316142984533
2018-08-27,2.40761842966097
2018-08-28,2.4284957324705823
2018-08-29,2.4869509843313797
2018-08-30,2.4404269105739878
2018-08-31,2.4517601438180057
2018-09-03,2.429690442698015
2018-09-04,2.436251786162796
2018-09-05,2.4213397875164637
2018-09-06,2.3873401211232594
2018-09-07,2.3992701464140653
2018-09-10,2.358112118353848
2018-09-11,2.3688493280906155
2018-09-12,2.366463247840966
2018-09-13,2.361924234497787
2018-09-14,2.377644199437824
2018-09-17,2.3607783616528133
2018-09-18,2.3647901748339804
2018-09-19,2.372409356821521
2018-09-20,2.3706009794661798
2018-09-21,2.372472246212671
2018-09-25,2.374960044340899
2018-09-26,2.3732651830173412
2018-09-27,2.3797454826387563
2018-09-28,2.3760153870967
2018-10-01,2.3781266563505
2018-10-02,2.3670227145736993
2018-10-03,2.3619015354571964
2018-10-04,2.350249019091104
2018-10-05,2.3343194192645877
2018-10-08,2.3365863402666007
2018-10-09,2.3059746329871342
2018-10-11,2.260686643843498
2018-10-12,2.28154274662682
2018-10-15,2.2807098749623917
2018-10-16,2.2985031193532692
2018-10-17,2.2870388532597907
2018-10-18,2.2746542608605145
2018-10-19,2.2764825903830213
2018-10-22,2.2756414097581534
2018-10-23,2.2700254762074787
2018-10-24,2.239966268536737
2018-10-25,2.249699947214461
2018-10-26,2.2471971091865663
2018-10-29,2.246309848367693
2018-10-30,2.272844091655436
2018-10-31,2.3149599738641458
2018-11-01,2.359743900134642
2018-11-02,2.3322880773875903
2018-11-05,2.3597028820033215
2018-11-06,2.3383188343054218
2018-11-07,2.42238939089897
2018-11-08,2.3654175008991634
2018-11-09,2.313547888809894
2018-11-12,2.2357578216019154
2018-11-13,2.3178741296704435
2018-11-14,2.333720053081997
2018-11-15,2.355328375444973
2018-11-16,2.3279584282316548
2018-11-19,2.3049097143195625
2018-11-20,2.2508883941801425
2018-11-21,2.3041914155564016
2018-11-22,2.2797017061774514
2018-11-23,2.278261078492965
2018-11-26,2.281862513882243
2018-11-27,2.305632285945192
2018-11-28,2.4007098402437674
2018-11-29,2.3711800100136133
2018-11-30,2.412954877781227
2018-12-03,2.4511272211876367
2018-12-04,2.340934108020316
2018-12-05,2.3258085027106072
2018-12-06,2.2804309501935767
2018-12-07,2.2364926171742265
2018-12-10,2.2379332940817953
2018-12-11,2.299160627065578
2018-12-12,2.3214896165151298
2018-12-13,2.3034826069827354
2018-12-14,2.284755071477154
2018-12-17,2.2897971385238995
2018-12-18,2.290517450960696
2018-12-19,2.266027389704302
2018-12-20,2.237215106033814
2018-12-21,2.237215106033814
2018-12-24,2.200478652433686
2018-12-25,2.2011990100372287
2018-12-26,2.2307329696861573
2018-12-27,2.2509021421838615
2018-12-28,2.2897991197292873
2019-01-02,2.170229899477109
2019-01-03,2.1291694764862674
2019-01-04,2.1904018400489007
2019-01-07,2.2148937140079767
2019-01-08,2.2242580273461785
2019-01-09,2.260994960509703
2019-01-10,2.2905277982552468
2019-01-11,2.2804436583195837
2019-01-14,2.279723337998547
2019-01-15,2.306374516119944
2019-01-16,2.308535439074252
2019-01-17,2.3193399006339215
2019-01-18,2.3517524994817136
2019-01-21,2.341668772908034
2019-01-22,2.3308648250975255
2019-01-23,2.333025575380681
2019-01-24,2.3805639360621518
2019-01-25,2.4158565936034244
2019-01-28,2.37048143548585
2019-01-29,2.3719219903766118
2019-01-30,2.423060403984351
2019-02-11,2.429542543360722
2019-02-12,2.463393604847086
2019-02-13,2.4360252442261228
2019-02-14,2.4396263425517057
2019-02-15,2.4468285225658812
2019-02-18,2.4669950282530233
2019-02-19,2.4936429603496633
2019-02-20,2.523891688673456
2019-02-21,2.539735701831967
2019-02-22,2.5692632297977083
2019-02-25,2.5959097518035703
2019-02-26,2.5915886967692368
2019-02-27,2.57862577256116
2019-03-04,2.532535134875603
2019-03-05,2.5454985302763378
2019-03-06,2.552700237112142
2019-03-07,2.5073289151258153
2019-03-08,2.485723003433556
2019-03-11,2.5534227956194626
2019-03-12,2.5613445316822547
2019-03-13,2.5815096273797113
2019-03-14,2.573587751773157
2019-03-15,2.6088759270896347
2019-03-18,2.632641165335037
2019-03-19,2.6448834910835255
2019-03-20,2.667928202983438
2019-03-21,2.7197773484313252
2019-03-22,2.629043844784622
2019-03-25,2.6470475204282176
2019-03-26,2.64992814380171
2019-03-27,2.637685652646789
2019-03-28,2.6621705380916834
2019-03-29,2.7356241371843235
2019-04-01,2.7478657519529404
2019-04-02,2.7637079897439736
2019-04-03,2.7881911036574705
2019-04-08,2.807633333537739
2019-04-09,2.8191544995735867
2019-04-10,2.833555933685125
2019-04-11,2.822754875339491
2019-04-12,2.848677350850688
2019-04-15,2.858758108951218
2019-04-16,2.8954809818708958
2019-04-17,2.9307627402496097
2019-04-18,2.9494835560107
2019-04-19,2.939403068985521
2019-04-22,2.917802458762727
2019-04-23,2.9581242664098744
2019-04-24,2.9329235711994865
2019-04-25,2.912043059689016
2019-04-26,2.9019626428099294
2019-04-29,2.8940421937285232
2019-04-30,2.926444044804561
2019-05-02,2.927393320891249
2019-05-03,2.9111065925441006
2019-05-06,2.903173852230734
2019-05-07,2.898617371597598
2019-05-08,2.893897484047007
2019-05-09,2.885745169301828
2019-05-10,2.876646442937822
2019-05-13,2.852677527290376
2019-05-14,2.8588485370548846
2019-05-15,2.858865545114715
2019-05-16,2.8554433333188616
2019-05-17,2.807860802542758
2019-05-20,2.7794744350795204
2019-05-21,2.804274430046777
2019-05-22,2.7667388672692526
2019-05-23,2.735527003397093
2019-05-24,2.7481827738782094
2019-05-27,2.740595426674651
2019-05-28,2.6845707197994586
2019-05-29,2.7075211041973297
2019-05-30,2.7419637737536315
2019-05-31,2.78711987488987
2019-06-03,2.813140552795013
2019-06-04,2.82461970879752
2019-06-05,2.7603363640861898
2019-06-06,2.8131450552403323
2019-06-10,2.856766560122053
2019-06-11,2.8705410610304636
2019-06-12,2.8575319006212707
2019-06-13,2.836870167180384
2019-06-14,2.813147053793101
2019-06-17,2.846054569196139
2019-06-18,2.9034490168798195
2019-06-19,2.9707869301247123
2019-06-20,3.005218503311141
2019-06-21,2.9799698979260727
2019-06-24,2.9968027072866255
2019-06-25,2.9394185902123273
2019-06-26,2.9562525171388496
2019-06-27,3.0006318724241052
2019-06-28,3.052659693697624
2019-07-01,3.0817325484258205
2019-07-02,3.0511308228805243
2019-07-03,3.0404195335704496
2019-07-04,3.0580167244662357
2019-07-05,3.0151727799988257
2019-07-08,3.0258842300154307
2019-07-09,3.045011663890146
2019-07-10,3.0978021066518715
2019-07-11,3.1077476357992717
2019-07-12,3.1131027929283093
2019-07-15,3.1329935060053393
2019-07-16,3.1360533002538817
2019-07-17,3.0939782829219054
2019-07-18,3.146766096739492
2019-07-19,3.162830875668152
2019-07-22,3.1987846950591456
2019-07-23,3.2026096723812687
2019-07-24,3.1934301156448104
2019-07-25,3.177366166186496
2019-07-26,3.161301930255906
2019-07-29,3.2041409523898725
2019-07-30,3.1521246970581256
2019-07-31,3.1016354271038815
2019-08-01,3.025897027537608
2019-08-02,2.9769306364210624
2019-08-05,2.841499939324443
2019-08-06,2.94404661843538
2019-08-07,2.9363949389249298
2019-08-08,2.9784801468384177
2019-08-12,2.95093475322404
2019-08-13,2.9907238216273924
2019-08-14,2.89508159500487
2019-08-15,2.9103861930377835
2019-08-16,2.985377011329936
2019-08-19,3.0075659943612485
2019-08-20,3.0159824169870912
2019-08-21,3.0481175059853713
2019-08-22,3.014453398706978
2019-08-23,2.918048502793251
2019-08-26,2.951717567826834
2019-08-27,2.9654907884390447
2019-08-28,2.9762030530025996
2019-08-29,3.038946062385715
2019-08-30,3.070315136686207
2019-09-02,3.0848514012638524
2019-09-03,3.063429832280231
2019-09-04,3.1544740379112866
2019-09-05,3.178189154172471
2019-09-06,3.1973136598546352
2019-09-10,3.1988433312373337
2019-09-11,3.2355618023224877
2019-09-12,3.215673402275566
2019-09-16,3.256980711083678
2019-09-17,3.2562156330326713
2019-09-18,3.292166744638617
2019-09-19,3.2684554709774303
2019-09-20,3.2715148707879114
2019-09-23,3.266925640315931
2019-09-24,3.243213428831477
2019-09-25,3.2631013864780227
2019-09-26,3.2738103707701405
2019-09-27,3.279929427973694
2019-10-01,3.312055215195809
2019-10-02,3.231743640748666
2019-10-03,3.2891139131540665
2019-10-04,3.296762987285692
2019-10-07,3.3334773673048304
2019-10-08,3.3411257899269593
2019-10-09,3.405373013200905
2019-10-14,3.4306114496987044
2019-10-15,3.474968364971609
2019-10-16,3.4703800961676974
2019-10-17,3.4879692226367394
2019-10-18,3.478027617822072
2019-10-21,3.5132055997225455
2019-10-22,3.5323234309807257
2019-10-23,3.5307939986717907
2019-10-24,3.5804996036745775
2019-10-25,3.585087682949605
2019-10-28,3.6042041560924076
2019-10-29,3.5789707436065834
2019-10-30,3.615674563166993
2019-10-31,3.606499009743472
2019-11-01,3.666141079750017
2019-11-04,3.7785372621086553
2019-11-05,3.8198213597453967
2019-11-06,3.8259371271894387
2019-11-07,3.8274661333368427
2019-11-08,3.767071787941249
2019-11-11,3.7242584215699113
2019-11-12,3.7036153007414705
2019-11-13,3.7250232728597568
2019-11-14,3.7594284532238076
2019-11-15,3.7693674715277017
2019-11-18,3.803006531538731
2019-11-19,3.8435250773339287
2019-11-20,3.7487304400533596
2019-11-21,3.7923093330149626
2019-11-22,3.8213608479911145
2019-11-25,3.8205961937754602
2019-11-26,3.8190671758948835
2019-11-27,3.8435309132708486
2019-11-28,3.8037784512285704
2019-11-29,3.745676018821508
2019-12-02,3.7089778759486736
2019-12-03,3.729621356459774
2019-12-04,3.7640264856062213
2019-12-05,3.835892433730684
2019-12-06,3.835892433730684
2019-12-09,3.8435371366818885
2019-12-10,3.8175449207222836
2019-12-11,3.9314547976093266
2019-12-12,4.099626559497636
2019-12-13,4.069054193075224
2019-12-16,4.076697633024505
2019-12-17,4.164594424398267
2019-12-18,4.1837010381541
2019-12-19,4.1488857756273845
2019-12-20,4.128604756048465
2019-12-23,4.1317228832796165
2019-12-24,4.12272959100012
2019-12-25,4.127268732912415
2019-12-26,4.132642876374327
2019-12-27,4.139129905452513
2019-12-30,4.126230704302864
2019-12-31,4.12748796252969
2020-01-02,4.147572148225656
2020-01-03,4.122560489008585
2020-01-06,4.11945410856596
2020-01-07,4.092191949257788
2020-01-08,4.108992598050834
2020-01-09,4.126312800040759
2020-01-10,4.135605624585945
2020-01-13,4.147886762345814
2020-01-14,4.147128100193864
2020-01-15,4.125869865611551
2020-01-16,4.137495503372058
2020-01-17,4.1405615003894365
2020-01-20,4.095469665082506
2020-01-30,4.050718781381605
2020-01-31,4.011441189275798
2020-02-03,4.1253345642111405
2020-02-04,4.074393631691141
2020-02-05,4.083463593776942
2020-02-06,4.084280995357839
2020-02-07,4.058146422632309
2020-02-10,4.08328894776858
2020-02-11,4.090652122746439
2020-02-12,4.106086538394261
2020-02-13,4.10288485091708
2020-02-14,4.096461620761967
2020-02-17,4.093229994652322
2020-02-18,4.085125459818688
2020-02-19,4.105547287089663
2020-02-20,4.091928747068972
2020-02-21,4.071633978356669
2020-02-24,4.056727460004467
2020-02-25,4.049668283329079
2020-02-26,4.053899370158365
2020-02-27,4.006369223473892
2020-03-02,4.104131499401186
2020-03-03,4.081671383780491
2020-03-04,4.158703992251674
2020-03-05,4.137470529423255
2020-03-06,3.923702602683505
2020-03-09,3.756875209312499
2020-03-10,3.834817987646496
2020-03-11,3.6755844976249303
2020-03-12,2.955822479398656
2020-03-13,3.178684107235486
2020-03-16,2.8418569180902744
2020-03-17,2.8212836874554097
2020-03-18,2.516107783044122
2020-03-19,2.438941986841958
2020-03-20,2.3712042681371996
2020-03-23,2.636165257542097
2020-03-24,2.876221521609713
2020-03-25,2.927655314844967
2020-03-26,3.077666802304689
2020-03-27,2.7896669892507044
2020-03-30,2.9705531368426485
2020-03-31,2.9225501497071384
2020-04-01,2.996271291466441
2020-04-06,3.141136108782485
2020-04-07,3.137707521897437
2020-04-08,3.2619912297800187
2020-04-09,3.195139292103282
2020-04-10,3.2097099291710753
2020-04-13,3.2302804596152215
2020-04-14,3.4094124706906346
2020-04-15,3.3477068949121587
2020-04-16,3.579966053340377
2020-04-17,3.564540780526115
2020-04-20,3.501982451302572
2020-04-21,3.2885926450104193
2020-04-22,3.387156067126483
2020-04-23,3.369158391409282
2020-04-24,3.471146400002593
2020-04-27,3.587698951765042
2020-04-28,3.6151216489622353
2020-04-29,3.7462352108263484
2020-04-30,3.5714269207224145
2020-05-04,3.673406071276146
2020-05-05,3.6536966880471904
2020-05-06,3.6819758202528763
2020-05-07,3.8190842247790404
2020-05-08,3.8473614283947546
2020-05-11,3.78738043867352
2020-05-12,3.7231135697882003
2020-05-13,3.74796384862144
2020-05-14,3.7411087718649347
2020-05-15,3.6948356452543414
2020-05-18,3.801951282012089
2020-05-19,3.7933825396283845
2020-05-20,3.8130909782815183
2020-05-21,3.803665208454551
2020-05-22,3.7291161540703324
2020-05-25,3.8105230060406776
2020-05-26,3.8687912050399094
2020-05-27,3.8987813387483645
2020-05-28,3.7633981891731034
2020-05-29,3.866226569539473
2020-06-01,3.929634868419789
2020-06-02,4.029028912850717
2020-06-03,4.1575507495856945
2020-06-04,4.145556010721678
2020-06-05,4.273215254481744
2020-06-08,4.303201162366986
2020-06-09,4.3160518454800005
2020-06-10,4.384589483176344
2020-06-11,4.089884686866573
2020-06-12,4.143862986118905
2020-06-15,4.175563735463384
2020-06-16,4.262097291297903
2020-06-17,4.278375600020916
2020-06-18,4.2946534849996185
2020-06-19,4.279232284672963
2020-06-22,4.3717600084560395
2020-06-23,4.388894240915172
2020-06-24,4.298940151785117
2020-06-29,4.32892593901272
2020-06-30,4.371762033431653
2020-07-01,4.444582146602459
2020-07-02,4.585935597040468
2020-07-03,4.697299442057922
2020-07-06,4.872905181615693
2020-07-07,4.795814493876432
2020-07-08,4.924302532419141
2020-07-09,4.898605712593334
2020-07-10,4.872909008564258
2020-07-13,4.911454546082581
2020-07-14,5.018523987094684
2020-07-15,4.975697640570199
2020-07-16,4.9842628945503975
2020-07-17,4.975697663604631
2020-07-20,5.031372794964158
2020-07-21,5.151285908418261
2020-07-22,5.168415822521256
2020-07-23,5.181263273143232
2020-07-24,5.361124923563952
2020-07-27,5.720829338945819
2020-07-28,5.348314851934246
2020-07-29,5.502475896512443
2020-07-30,5.45965533418005
2020-07-31,5.438244790220738
2020-08-03,5.399705508304436
2020-08-04,5.562428266465973
2020-08-05,5.708016215549231
2020-08-06,5.67804298043077
2020-08-07,5.5838423795378676
2020-08-10,5.673763895025256
2020-08-11,5.541026026911686
2020-08-12,5.63523031008722
2020-08-13,5.523901125527633
2020-08-14,5.630952171710502
2020-08-17,5.785100700038091
2020-08-18,5.72087466139987
2020-08-19,5.558166360895137
2020-08-20,5.378321858157145
2020-08-21,5.463966485986685
2020-08-24,5.532480442285708
2020-08-25,5.60099339749013
2020-08-26,5.703760209658287
2020-08-27,5.558177888394151
2020-08-28,5.586543942875457
2020-08-31,5.514316429758145
2020-09-01,5.5523571279772215
2020-09-02,5.551636612883296
2020-09-03,5.513443130958776
2020-09-04,5.526870834344943
2020-09-07,5.523206428231316
2020-09-08,5.503002169105913
2020-09-09,5.5255764438549555
2020-09-10,5.527313935327678
2020-09-11,5.537726183937512
2020-09-14,5.554951459884773
2020-09-15,5.587282248400187
2020-09-16,5.579796568249778
2020-09-17,5.571434651924218
2020-09-18,5.567228688264935
2020-09-21,5.543604567096116
2020-09-22,5.523007701103596
2020-09-23,5.489906902923936
2020-09-24,5.472059171309088
2020-09-25,5.484817719156113
2020-09-28,5.623696210550773
2020-09-29,5.607451821455167
2020-09-30,5.708719882630157
2020-10-05,5.751974132933651
2020-10-06,5.747557006156921
2020-10-07,5.918618305955618
2020-10-08,6.0194636136700685
2020-10-12,6.037164014885374
2020-10-13,6.010570813683794
2020-10-14,5.9396562466263285
2020-10-15,5.904197962441477
2020-10-16,5.904197962441477
2020-10-19,5.970682616523317
2020-10-20,5.975115120081659
2020-10-21,5.921927844347977
2020-10-22,6.019438769545729
2020-10-23,6.0061421008020615
2020-10-26,5.9573877052624615
2020-10-27,5.93965897599086
2020-10-28,5.731342390607147
2020-10-29,5.718044687003927
2020-10-30,5.669286488458767
2020-11-02,5.780101452672562
2020-11-03,5.855453232301971
2020-11-04,6.041613578797247
2020-11-05,6.072638581725342
2020-11-06,6.254355389597475
2020-11-09,6.249923869703611
2020-11-10,6.210036088849196
2020-11-11,6.3917473391096244
2020-11-12,6.3252706699073675
2020-11-13,6.533567524036132
2020-11-16,6.8615085301458185
2020-11-17,6.76845099550272
2020-11-18,6.874804172390469
2020-11-19,6.839354422439293
2020-11-20,6.99888161969332
2020-11-23,7.074211276613265
2020-11-24,7.056487185453296
2020-11-25,6.910260492147086
2020-11-26,6.954573037783929
2020-11-27,7.060922492555759
2020-11-30,6.959006920843733
2020-12-01,7.091943145607827
2020-12-02,7.1140985331540865
2020-12-03,7.18056437185875
2020-12-04,7.393252110014033
2020-12-07,7.357805636769734
2020-12-08,7.530607567001342
2020-12-09,7.455286370826862
2020-12-10,7.473009046817545
2020-12-11,7.415410225579129
2020-12-14,7.348948615276449
2020-12-15,7.353379046350445
2020-12-16,7.490735125882205
2020-12-17,7.455289347406215
2020-12-18,7.428704646729299
2020-12-21,7.508458519334932
2020-12-22,7.353384385484146
2020-12-23,7.477447922223109
2020-12-24,7.592646931492995
2020-12-25,7.614800009112963
2020-12-28,7.734425948421525
2020-12-29,7.743286789443469
2020-12-30,7.982532448787824
2020-12-31,7.978102582004419
2021-01-04,8.186325429923322
2021-01-05,8.429980924218754
2021-01-06,8.425550754317259
2021-01-07,8.81538236820621
2021-01-08,8.868537392451351
2021-01-11,8.992565069610524
2021-01-12,9.050148177830044
2021-01-13,9.169742257380149
2021-01-14,9.555093393375133
2021-01-15,9.191911803724517
2021-01-18,9.267210096658987
2021-01-19,9.524107484664171
2021-01-20,9.435525964253587
2021-01-21,9.714561988259998
2021-01-22,9.656985606982895
2021-01-25,9.572835193974498
2021-01-26,9.338095712907876
2021-01-27,8.91731995496689
2021-01-28,9.085642822942589
2021-01-29,8.673706890038615
2021-02-01,9.076814083923582
2021-02-02,9.448886653077329
2021-02-03,9.222998935855259
2021-02-04,9.413460492969444
2021-02-05,9.95382216620719
2021-02-17,10.184121289463443
2021-02-18,10.113262424421935
2021-02-19,10.263838318972965
2021-02-22,9.971550526682291
2021-02-23,10.046840199175877
2021-02-24,10.139844435293035
2021-02-25,9.758976248148567
2021-02-26,9.896274501985538
2021-03-02,9.65268659411336
2021-03-03,9.701405694214476
2021-03-04,9.165495749867267
2021-03-05,9.60843739585302
2021-03-08,9.289541876031365
2021-03-09,9.537584899985923
2021-03-10,9.577447021251839
2021-03-11,9.931777083128077
2021-03-12,9.86534390559423
2021-03-15,9.909633157351255
2021-03-16,9.98492489937122
2021-03-17,9.980495787119787
2021-03-18,9.76791109137924
2021-03-19,9.66161546110406
2021-03-22,9.909643094042902
2021-03-23,9.657196006721307
2021-03-24,9.5686144101433
2021-03-25,9.776784042792489
2021-03-26,10.113388040793481
2021-03-29,10.232964580616498
2021-03-30,10.263965238730789
2021-03-31,10.29939468443999
2021-04-01,10.58282804853648
2021-04-07,10.511972508336017
2021-04-08,10.804253850115117
2021-04-09,10.711258994062554
2021-04-12,10.693545769247017
2021-04-13,10.67140384297238
2021-04-14,10.70240250526832
2021-04-15,10.852967140076126
2021-04-16,11.012385613499054
2021-04-19,11.105377053228652
2021-04-20,11.105377053228652
2021-04-21,11.180655720050353
2021-04-22,10.99024821294039
2021-04-23,11.309078368301671
2021-04-26,11.526050250806415
2021-04-27,11.517195316222274
2021-04-28,11.645603508068675
2021-04-29,11.503913316388836
2021-05-03,11.202817544540117
2021-05-04,10.795434270137335
2021-05-05,10.751150923011366
2021-05-06,11.02570998554346
2021-05-07,11.229406351953859
2021-05-10,10.653757903165761
2021-05-11,10.157772819978028
2021-05-12,9.103723552512509
2021-05-13,9.360639355200389
2021-05-14,8.833542189032986
2021-05-17,9.117049366885091
2021-05-18,9.64417010621272
2021-05-19,9.701749964415821
2021-05-20,9.945354222364902
2021-05-21,9.785910679935022
2021-05-24,10.118094041406518
2021-05-25,10.397113188910799
2021-05-26,10.162392738386961
2021-05-27,10.512272252366104
2021-05-28,10.715989381217126
2021-05-31,10.88427167380493
2021-06-01,11.003838702854493
2021-06-02,11.052549742194907
2021-06-03,10.897559850553998
2021-06-04,11.003841404357244
2021-06-07,10.959558261881318
2021-06-08,10.822279381866911
2021-06-09,10.817850681418602
2021-06-10,11.079128633591017
2021-06-11,11.176550428908257
2021-06-15,11.203119954150212
2021-06-16,11.021563782112603
2021-06-17,11.287262195113643
2021-06-18,11.065855007201009
2021-06-21,11.026000735747578
2021-06-22,10.990574140893584
2021-06-23,11.26513045349264
2021-06-24,11.45111375213636
2021-06-25,11.477680961225007
2021-06-28,11.623806838558954
2021-06-29,11.623806838558954
2021-06-30,11.752216979300378
2021-07-01,11.752216979300378
2021-07-02,11.867341856387156
2021-07-05,12.07102103119024
2021-07-06,11.893913616960594
2021-07-07,11.95590238621698
2021-07-08,11.69466525248112
2021-07-09,11.978051055850635
2021-07-12,12.115311373510336
2021-07-13,12.017902203852868
2021-07-14,12.017902203852868
2021-07-15,11.916065158464233
2021-07-16,11.805370649868124
2021-07-19,11.707957512373625
2021-07-20,11.663678482653145
2021-07-21,11.63268243718507
2021-07-22,11.752237566755124
2021-07-23,11.707958794252976
2021-07-26,11.451140934271253
2021-07-27,11.265161921184516
2021-07-28,11.28287434401652
2021-07-29,11.402435269303622
2021-07-30,11.477711984005936
2021-08-02,11.65040679229323
2021-08-03,11.774388615777045
2021-08-04,11.840806644879363
2021-08-05,11.716827952704294
2021-08-06,11.5308554836457
2021-08-09,11.654839358153385
2021-08-10,11.384736031658628
2021-08-11,11.358167128296111
2021-08-12,11.322742019357165
2021-08-13,10.924209112775921
2021-08-16,10.964064408567866
2021-08-17,10.388376173445153
2021-08-18,10.778106758982263
2021-08-19,10.454825793886085
2021-08-20,10.543400170460677
2021-08-23,10.990695161889734
2021-08-24,10.99955178387462
2021-08-25,11.336108400953727
2021-08-26,11.189978746732104
2021-08-27,11.561952802592705
2021-08-30,11.63722858342424
2021-08-31,11.743500072624899
2021-09-01,11.783352499094615
2021-09-02,11.796635670082049
2021-09-03,11.929472551034221
2021-09-06,11.916189634920924
2021-09-07,11.77449864331399
2021-09-08,11.522107233726611
2021-09-09,11.650522106354297
2021-09-10,11.840924937973053
2021-09-13,11.925054273221805
2021-09-14,11.796647615897882
2021-09-15,11.7700799425465
2021-09-16,11.597391482685646
2021-09-17,11.229865742280042
2021-09-22,11.322859181519064
2021-09-23,11.522127021032821
2021-09-24,11.677109449414024
2021-09-27,11.468995321872102
2021-09-28,11.150171354042092
2021-09-29,11.04389239283777
2021-09-30,10.968610271930105
2021-10-01,10.751617503666214
2021-10-04,10.220190850812973
2021-10-05,10.601077883103697
2021-10-06,10.654221749866364
2021-10-07,10.919939685238788
2021-10-08,10.463807797297292
2021-10-12,10.671960327755025
2021-10-13,10.640959373207483
2021-10-14,10.782676737962277
2021-10-15,11.035104503852335
2021-10-18,11.012962498156263
2021-10-19,11.194527110703536
2021-10-20,11.15024408396401
2021-10-21,11.119245907729082
2021-10-22,11.021822353509952
2021-10-25,11.212244151921034
2021-10-26,11.252098519344381
2021-10-27,11.305237606596066
2021-10-28,11.291953439274659
2021-10-29,11.305237631052837
2021-11-01,11.438084710115746
2021-11-02,11.327380823046402
2021-11-03,11.52222237399751
2021-11-04,11.433660253449027
2021-11-05,11.610786641608644
2021-11-08,11.903038475202917
2021-11-09,11.982741195354341
2021-11-10,11.796771468739266
2021-11-11,11.94289317935359
2021-11-12,12.066874132368874
2021-11-15,12.137719059080016
2021-11-16,12.181996564928172
2021-11-17,12.26612307727541
2021-11-18,12.514073308635856
2021-11-19,12.390101361386268
2021-11-22,12.239562894343313
2021-11-23,12.102304074655372
2021-11-24,12.151009855949955
2021-11-25,11.938478590528218
2021-11-26,11.593103973219272
2021-11-29,11.787939036376912
2021-11-30,11.677240005717387
2021-12-01,11.938494674964074
2021-12-02,12.199739046240113
2021-12-03,12.071335236386986
2021-12-06,12.155463177670654
2021-12-07,12.522966107143793
2021-12-08,12.434415120872558
2021-12-09,12.323725154431632
2021-12-10,12.407850441161383
2021-12-13,12.151049374578927
2021-12-14,11.982795021512992
2021-12-15,12.261749513217373
2021-12-16,12.244038983393477
2021-12-17,12.239611003107488
2021-12-20,12.155484734964515
2021-12-21,12.368016698596524
2021-12-22,12.514129676664597
2021-12-23,12.629245169603696
2021-12-24,12.593825731043529
2021-12-27,12.797491777075892
2021-12-28,12.934741651875596
2021-12-29,12.987868838177036
2021-12-30,13.09855145667048
2022-01-03,13.191523896981192
2022-01-04,13.43059228447059
2022-01-05,13.147259815968017
2022-01-06,13.257940399796823
2022-01-07,12.735535409538018
2022-01-10,13.02331964174852
2022-01-11,13.131809958062263
2022-01-12,13.113541043917047
2022-01-13,13.147301468684905
2022-01-14,13.133268484188843
2022-01-17,13.15769107370401
2022-01-18,13.07369372539452
2022-01-19,13.060482424418305
2022-01-20,13.01027991775726
2022-01-21,12.942825716195832
2022-01-24,12.931661314377337
2022-01-25,12.895251710766747
2022-01-26,12.942458381456941
2022-02-07,12.996438371387345
2022-02-08,13.018413243597404
2022-02-09,13.052066347699203
2022-02-10,13.05836859526182
2022-02-11,13.028714025316146
2022-02-14,12.996069079032257
2022-02-15,13.047360439036593
2022-02-16,13.083435316038614
2022-02-17,13.029907646016195
2022-02-18,13.034442074028192
2022-02-21,13.022668619411434
2022-02-22,12.989039760585912
2022-02-23,12.946797420968846
2022-02-24,12.893768229062365
2022-02-25,12.912683078218969
2022-03-01,12.938070926214923
2022-03-02,12.975392284655928
2022-03-03,12.897900414817787
2022-03-04,12.830804376541677
2022-03-07,12.661928788388442
2022-03-08,12.675173614002963
2022-03-09,12.785768433629203
2022-03-10,12.79361644887472
2022-03-11,12.78480875914147
2022-03-14,12.731817711038024
2022-03-15,12.705875706505731
2022-03-16,12.81048951514664
2022-03-17,12.82802828574009
2022-03-18,12.854195022625968
2022-03-21,12.847465233362666
2022-03-22,12.897561147500197
2022-03-23,12.883329406612642
2022-03-24,12.911917987348644
2022-03-25,12.829731815106758
2022-03-28,12.864625332190457
2022-03-29,12.910655556929973
2022-03-30,12.925784999879143
2022-03-31,12.842955952368303
2022-04-01,12.811080800053528
2022-04-06,12.798398704688264
2022-04-07,12.760203086921404
2022-04-08,12.772096749803369
2022-04-11,12.684210418075867
2022-04-12,12.743100975520159
2022-04-13,12.798938671802702
2022-04-14,12.723466090664008
2022-04-15,12.577429552607482
2022-04-18,12.753121726637541
2022-04-19,12.815815511254403
2022-04-20,13.010914401330183
2022-04-21,12.575866714735792
2022-04-22,12.273630606808144
2022-04-25,12.199303890198658
2022-04-26,11.669065146680317
2022-04-27,11.759249607727522
2022-04-28,12.135238375870317
2022-04-29,12.050018540139368
2022-05-03,12.050018540139368
2022-05-04,12.360824138797607
2022-05-05,11.729211956176798
2022-05-06,11.493589947141077
2022-05-09,10.952145297424636
2022-05-10,11.212861181898328
2022-05-11,11.047412640718946
2022-05-12,10.957165797234438
2022-05-13,11.252978665673231
2022-05-16,11.20785613606336
2022-05-17,11.503658699380543
2022-05-18,11.152721172157989
2022-05-19,11.328198576874845
2022-05-20,11.588901391051296
2022-05-23,11.488634548940095
2022-05-24,11.278071457624598
2022-05-25,11.51370848661476
2022-05-26,11.443520476688054
2022-05-27,11.899744242823306
2022-05-30,11.97494140037042
2022-05-31,12.170451782706882
2022-06-01,11.994997883564254
2022-06-02,12.120324966081474
2022-06-06,12.005698383830145
2022-06-07,12.02277029135202
2022-06-08,12.003060383794546
2022-06-09,11.93418666141901
2022-06-10,11.832775260801021
2022-06-13,11.784004186234997
2022-06-14,11.800939043235307
2022-06-15,11.868320131790806
2022-06-16,11.703693161824301
2022-06-17,11.707006265190206
2022-06-20,11.686324730806293
2022-06-21,11.803257446754435
2022-06-22,11.546870624275408
2022-06-23,11.463320849690298
2022-06-24,11.725117856426754
2022-06-27,11.773750459212833
2022-06-28,11.378799629616658
2022-06-29,11.22183170008726
2022-06-30,10.805791601230366
2022-07-01,10.121562548332935
2022-07-04,10.43907771841544
2022-07-05,10.143473915027045
2022-07-06,9.886177276636726
2022-07-07,10.384367456997294
2022-07-08,10.499326249040296
2022-07-11,9.990233054442815
2022-07-12,10.231113963971083
2022-07-13,10.127100751423992
2022-07-14,10.49388814040053
2022-07-15,10.723802772602198
2022-07-18,10.674536644790392
2022-07-19,11.117930818160863
2022-07-20,11.013930839158963
2022-07-21,11.232880340647025
2022-07-22,11.112461951482839
2022-07-25,11.194566903527718
2022-07-26,11.085094889410819
2022-07-27,11.435411244474873
2022-07-28,11.512038833419663
2022-07-29,11.424464641533092
2022-08-01,11.128899663308585
2022-08-02,11.052268771608437
2022-08-03,11.09058463279988
2022-08-04,11.358795047678163
2022-08-05,11.473738602323543
2022-08-08,11.41353085760443
2022-08-09,11.353323451517536
2022-08-10,11.785728945058898
2022-08-11,11.889718984405617
2022-08-12,12.114116529507287
2022-08-15,12.174319249874248
2022-08-16,12.196210523432383
2022-08-17,12.042969533256269
2022-08-18,12.097699487450607
2022-08-19,11.873308763410753
2022-08-22,11.720070733871134
2022-08-23,11.715064433384327
2022-08-24,11.709177560463297
2022-08-25,11.771042919656482
2022-08-26,11.604604471241883
2022-08-29,11.61928728356883
2022-08-30,11.600165441217019
2022-08-31,11.585736003827654
2022-09-01,11.568879523929683
2022-09-02,11.546989675949009
2022-09-05,11.565562834931855
2022-09-06,11.475591336245015
2022-09-07,11.477972204539466
2022-09-08,11.582646036200808
2022-09-12,11.620542132667033
2022-09-13,11.495832936158767
2022-09-14,11.519525459204683
2022-09-15,11.49014913988976
2022-09-16,11.505580968574254
2022-09-19,11.491411389114244
2022-09-20,11.48310524524931
2022-09-21,11.39980476295127
2022-09-22,11.39857920914195
2022-09-23,11.309081273230902
2022-09-26,11.290096098742689
2022-09-27,11.27735444187184
2022-09-28,11.22103899036458
2022-09-29,11.121794136442052
2022-09-30,11.082536548803647
2022-10-03,11.18413652841275
2022-10-04,11.254376242720177
2022-10-05,11.298348795488705
2022-10-06,11.266507025491203
2022-10-07,11.083598074336487
2022-10-11,11.02295781446428
2022-10-12,11.02295781446428
2022-10-13,11.048317825497218
2022-10-14,10.981300557207506
2022-10-17,11.061424388869435
2022-10-18,11.026652581150541
2022-10-19,10.922425955544462
2022-10-20,10.97073132059052
2022-10-21,11.023963325351872
2022-10-24,10.956201839922247
2022-10-25,10.804031808309189
2022-10-26,11.058916495530509
2022-10-27,11.038902802254405
2022-10-28,11.066173476155294
2022-10-31,11.136621201980061
2022-11-01,11.315207209794957
2022-11-02,11.065154866795902
2022-11-03,11.03656971535893
2022-11-04,11.441162680490896
2022-11-07,11.780754120250977
2022-11-08,12.004729343678434
2022-11-09,12.16367621276971
2022-11-10,13.211253341871801
2022-11-11,13.269042647654413
2022-11-14,13.572439946466268
2022-11-15,14.215328470701351
2022-11-16,14.049200163017497
2022-11-17,14.237001047347237
2022-11-18,14.121433488503554
2022-11-21,13.955303408294506
2022-11-22,14.41036346144877
2022-11-23,14.511483532780225
2022-11-24,14.619824576391286
2022-11-25,14.1214608941005
2022-11-28,14.099791519471875
2022-11-29,14.395937779973554
2022-11-30,15.262678129351986
2022-12-01,14.851013268664795
2022-12-02,14.908793550802617
2022-12-05,14.858235421778947
2022-12-06,14.381550926541623
2022-12-07,14.229870068092257
2022-12-08,14.31654581787153
2022-12-09,14.265985534714615
2022-12-12,14.359884354019254
2022-12-13,14.302100971741226
2022-12-14,14.352661337614917
2022-12-15,13.96262512008033
2022-12-16,13.868723080609861
2022-12-19,13.847052980014018
2022-12-20,13.529227733519622
2022-12-21,13.782052915889416
2022-12-22,13.50034195526226
2022-12-23,13.608696032674343
2022-12-26,13.753166335749675
2022-12-27,13.478677051787903
2022-12-28,13.16806088655598
2022-12-29,13.522031216952007
2022-12-30,13.24031136042502
2023-01-03,13.514817421430493
2023-01-04,13.767643711824867
2023-01-05,13.702632444127186
2023-01-06,14.323849958336211
2023-01-09,14.713889579557188
2023-01-10,14.901679297073123
2023-01-11,14.815009252886007
2023-01-12,15.140025720719533
2023-01-13,15.0461350083227
2023-01-16,15.0461350083227
2023-01-17,16.216166191000656
2023-01-30,16.122285162197294
2023-01-31,15.977851833059502
2023-02-01,16.26672257783727
2023-02-02,16.338938257092845
2023-02-03,16.172844225187482
2023-02-06,15.985081299352153
2023-02-07,16.245065344637702
2023-02-08,16.31728120389534
2023-02-09,16.34616690676473
2023-02-10,16.317281283777145
2023-02-13,16.468932877462258
2023-02-14,16.2089619909326
2023-02-15,16.13674585953122
2023-02-16,16.07897232940494
2023-02-17,15.999533141050723
2023-02-20,16.151190551049485
2023-02-21,15.840659194923921
2023-02-22,16.02842840844659
2023-02-23,16.490619550288102
2023-02-24,15.840691144081228
2023-03-01,16.259561010010895
2023-03-02,16.44732193064387
2023-03-03,16.61341596760898
2023-03-06,16.67118704641322
2023-03-07,16.685629462319508
2023-03-08,16.81561323317745
2023-03-09,16.230693890993596
2023-03-10,16.021267111488594
2023-03-13,15.797391614123779
2023-03-14,16.014049699707826
2023-03-15,15.703513900118288
2023-03-16,15.847954035713432
2023-03-17,16.10072066777002
2023-03-20,16.144050364690035
2023-03-21,16.418475033664095
2023-03-22,16.613455505569046
2023-03-23,16.996188573876157
2023-03-24,16.97452499346775
2023-03-27,16.808438681095215
2023-03-28,16.72900563512001
2023-03-29,16.89509574996226
2023-03-30,17.025076264444643
2023-03-31,16.772337680832372
2023-04-06,16.92398484785516
2023-04-07,16.988974949884955
2023-04-10,16.938427272929403
2023-04-11,17.097292614647184
2023-04-12,16.931209187189623
2023-04-13,16.938429693834507
2023-04-14,16.981757112250904
2023-04-17,17.04674687852128
2023-04-18,17.003420993453986
2023-04-19,16.649585460940013
2023-04-20,16.75790586083599
2023-04-21,16.346292725304384
2023-04-24,16.46905922081759
2023-04-25,15.90578299260874
2023-04-26,15.869673555029225
2023-04-27,16.20188200448935
2023-04-28,16.35353775680197
2023-05-02,16.274099972358247
2023-05-03,16.194661581094746
2023-05-04,16.469085918856862
2023-05-05,16.67128811086436
2023-05-08,16.635181301269586
2023-05-09,16.57740998930606
2023-05-10,16.497974966297093
2023-05-11,16.079128891684586
2023-05-12,16.108015549476264
2023-05-15,16.404107919677195
2023-05-16,16.635197311718624
2023-05-17,17.407886184949337
2023-05-18,17.61007137595251
2023-05-19,17.638953983510493
2023-05-22,17.624512716737147
2023-05-23,17.501760139061908
2023-05-24,17.8122561389574
2023-05-25,18.245494245373575
2023-05-26,18.707598381715997
2023-05-29,18.67149794321989
2023-05-30,18.628176845266744
2023-05-31,18.361030938477136
2023-06-01,18.664284429262686
2023-06-02,18.86644681378088
2023-06-05,18.844787708430438
2023-06-06,19.090267558529952
2023-06-07,19.2491054316565
2023-06-08,19.119148249115216
2023-06-09,19.42238269733786
2023-06-12,19.89888138658632
2023-06-13,19.97829302285096
2023-06-14,20.1804362843112
2023-06-15,20.259848384928677
2023-06-16,20.014393906269525
2023-06-19,20.101026820615868
2023-06-20,19.94220161660103
2023-06-21,19.75449956732272
2023-06-26,19.487377751053643
2023-06-27,19.53791610956073
2023-06-28,19.71840636894581
2023-06-29,19.350211073383466
2023-06-30,19.81949299988387
2023-07-03,20.108271177212302
2023-07-04,20.194901361524813
2023-07-05,19.60292469838418
2023-07-06,19.068675855777713
2023-07-07,19.191412858712873
2023-07-10,19.42244827468064
2023-07-11,19.595720509455937
2023-07-12,20.23104397991495
2023-07-13,20.360991623952092
2023-07-14,20.519811998441668
2023-07-17,20.671413131146068
2023-07-18,20.664193692810873
2023-07-19,20.158863575946835
2023-07-20,19.72570648341736
2023-07-21,19.906194807723878
2023-07-24,20.105905162318038
2023-07-25,20.130329304846732
2023-07-26,20.164471294815172
2023-07-27,20.133175920388965
2023-07-28,20.24839229534703
2023-07-31,19.971252862180286
2023-08-01,19.883478920085807
2023-08-02,19.161558697762946
2023-08-04,19.35692990428239
2023-08-07,19.515859641152982
2023-08-08,19.158602315480362
2023-08-09,19.165605269591342
2023-08-10,18.99048944806584
2023-08-11,18.431039565073412
2023-08-14,18.438120851987478
2023-08-15,18.11948257451972
2023-08-16,17.98494325843661
2023-08-17,18.367323289278247
2023-08-18,18.43813225139638
2023-08-21,18.47353652633711
2023-08-22,18.346082371208883
2023-08-23,19.0754151328423
2023-08-24,18.68598771026243
2023-08-25,18.50896965280314
2023-08-28,18.629344541484294
2023-08-29,19.068350092184048
2023-08-30,18.877177659740152
2023-08-31,18.7709684019875
2023-09-01,18.827612960996262
2023-09-04,19.00462910160628
2023-09-05,19.132078058894823
2023-09-06,18.749732887392145
2023-09-07,18.508989756480236
2023-09-08,18.62936477590761
2023-09-11,18.402779486237446
2023-09-12,18.686015304603647
2023-09-13,18.89843728724632
2023-09-14,19.280789908636947
2023-09-15,19.089620425439836
2023-09-18,18.983412824364922
2023-09-19,18.700190152688354
2023-09-20,18.261184067689282
2023-09-21,17.864648339535115
2023-09-22,18.162060683637506
2023-09-25,18.126655434026034
2023-09-26,17.850493021047928
2023-09-27,18.169149765109168
2023-09-28,18.45947103304281
2023-10-02,18.47363365715853
2023-10-03,17.864678263432552
2023-10-04,18.041709202640508
2023-10-05,18.480740265635813
2023-10-06,18.976401671609676
2023-10-11,18.983482700633733
2023-10-12,19.018885664908012
2023-10-13,18.771065614315567
2023-10-16,19.00472833139261
2023-10-17,18.73000256986037
2023-10-18,18.511712248618252
2023-10-19,18.46521363619587
2023-10-20,18.439382145643577
2023-10-23,18.402131191789127
2023-10-24,18.46272349118173
2023-10-25,18.32172891129028
2023-10-26,18.346969397951412
2023-10-27,18.357589757115665
2023-10-30,18.35154367324039
2023-10-31,18.19589035004387
2023-11-01,18.580523463467273
2023-11-02,18.957963628739176
2023-11-03,19.388144403138746
2023-11-06,19.337215867877976
2023-11-07,19.482432390840156
2023-11-08,19.55503381586384
2023-11-09,19.37878186221689
2023-11-10,20.090772338029478
2023-11-13,20.098112501602696
2023-11-14,20.589874061750052
2023-11-15,20.63391113542789
2023-11-16,20.575194486309844
2023-11-17,20.685286174323778
2023-11-20,20.927487218504137
2023-11-21,20.87611155725823
2023-11-22,20.824735698535715
2023-11-23,20.942165085408437
2023-11-24,20.920148248096258
2023-11-27,20.61189858047879
2023-11-28,21.088961394160357
2023-11-29,21.081621777618306
2023-11-30,20.942177946439525
2023-12-01,21.279783844368232
2023-12-04,20.85411885108783
2023-12-05,20.95686861762194
2023-12-06,20.905493007889827
2023-12-07,21.177047004921036
2023-12-08,21.118332652969606
2023-12-11,21.367865812828736
2023-12-12,21.272457156708448
2023-12-13,21.654089975208805
2023-12-14,21.918289866250902
2023-12-15,21.661434132309523
2023-12-18,21.632076855895175
2023-12-19,21.63941619055566
2023-12-20,21.221101212310636
2023-12-21,21.492646894103267
2023-12-22,21.624749589511378
2023-12-25,21.698138529062415
2023-12-26,21.984353433390176
2023-12-27,22.270562517882347
2023-12-28,22.18983792475398
2023-12-29,22.343948980101956
2024-01-02,21.66146739513559
2024-01-03,21.47799533403936
2024-01-04,21.470655905742117
2024-01-05,21.61743559133743
2024-01-08,21.84494213924005
2024-01-09,21.25783917324349
2024-01-10,21.34590707330321
2024-01-11,21.243160732133564
2024-01-12,21.58809988295416
2024-01-15,21.140424787005458
2024-01-16,20.94960588270875
2024-01-17,20.780803435001445
2024-01-18,21.441346638274347
2024-01-19,22.057823517060452
2024-01-22,22.175243092123335
2024-01-23,22.277983530762835
2024-01-24,22.5128168076351
2024-01-25,22.46878782524435
2024-01-26,22.498141316518048
2024-01-29,22.813694623849038
2024-01-30,22.476131855849296
2024-01-31,22.4027470213583
2024-02-01,22.68895113179378
2024-02-02,22.586212070397355
2024-02-05,24.215344104542964
2024-02-15,24.332747072719712
2024-02-16,24.193333078306495
2024-02-19,24.09794204728059
2024-02-20,24.347423862935447
2024-02-21,24.699629824099482
2024-02-22,25.007800657439958
2024-02-23,24.817032868183023
2024-02-26,25.081176744402992
2024-02-27,24.677627501399968
2024-02-29,25.117874283667796
2024-03-01,25.514087332547227
2024-03-04,26.1597483814274
2024-03-05,25.866276992575735
2024-03-06,26.937466991910647
2024-03-07,27.8691959507306
2024-03-08,27.164934445521517
2024-03-11,27.106242117629527
2024-03-12,27.98660986337477
2024-03-13,27.722512067470333
2024-03-14,27.448175865813948
2024-03-15,27.327552802612722
2024-03-18,27.3210472014899
2024-03-19,27.411630112121703
2024-03-20,27.584263270135487
2024-03-21,27.99882720782644
2024-03-22,27.932326486041084
2024-03-25,28.110322010308504
2024-03-26,27.933946644398247
2024-03-27,27.913940388114142
2024-03-28,27.925381589546014
2024-03-29,27.983706363557435
2024-04-01,28.00129622341098
2024-04-02,27.989282667618166
2024-04-03,28.00432397767031
2024-04-08,28.097392942225916
2024-04-09,28.253452399474337
2024-04-10,28.19414356040912
2024-04-11,28.19136196932008
2024-04-12,28.117613820251883
2024-04-15,27.9516872443083
2024-04-16,27.80190555359377
2024-04-17,27.79601848339397
2024-04-18,27.71352856938652
2024-04-19,27.488432055261793
2024-04-22,27.597840474071898
2024-04-23,27.923129174290008
2024-04-24,27.87772090550493
2024-04-25,28.353986492743346
2024-04-26,29.0689409945128
2024-04-29,29.3954049298215
2024-04-30,28.80704207700669
2024-05-02,29.446878841697757
2024-05-03,29.674804093931336
2024-05-06,30.016589714011513
2024-05-07,29.704404557040753
2024-05-08,29.882798037214584
2024-05-09,29.979428543000033
2024-05-10,30.648396170804567
2024-05-13,30.49974177573481
2024-05-14,31.265316842423662
2024-05-15,32.20181124208043
2024-05-16,31.882227285661436
2024-05-17,31.956549985396823
2024-05-20,31.622099053872944
2024-05-21,31.889664681360845
2024-05-22,32.603162896734524
2024-05-23,32.15724206741278
2024-05-24,33.086263955760224
2024-05-27,33.4875833232564
2024-05-28,33.53217403181883
2024-05-29,32.16474284544594
2024-05-30,32.23163208531615
2024-05-31,32.41000356838561
2024-06-03,32.34311512184646
2024-06-04,31.926915720235844
2024-06-05,33.39850766856061
2024-06-06,33.272166786195356
2024-06-07,33.4356674563713
2024-06-11,33.32419119833453
2024-06-12,34.83284354777932
2024-06-13,34.77339416889923
2024-06-14,35.2118407477698
2024-06-17,36.014405210261735
2024-06-18,37.06216280129698
2024-06-19,37.797789069391996
2024-06-20,37.66404373692378
2024-06-21,37.38911847648083
2024-06-24,36.18538314078681
2024-06-25,36.958192156071874
2024-06-26,36.200268302638236
2024-06-27,36.869045756153476
2024-06-28,37.46349772906736
2024-07-01,37.02510073872699
2024-07-02,37.59725806426543
2024-07-03,38.860430463685866
2024-07-04,39.46226253119985
2024-07-05,39.29137641451834
2024-07-08,40.059885525317256
2024-07-09,39.85603303917395
2024-07-10,40.248982595896535
2024-07-11,39.955141659976526
2024-07-12,40.011611292501044
2024-07-15,39.93067777924321
2024-07-16,39.91189101464238
2024-07-17,39.51354758635006
2024-07-18,39.41187072894084
2024-07-19,39.14811278338249
2024-07-22,39.05190317494886
2024-07-23,38.60983499862407
2024-07-26,38.901586459546024
2024-07-29,38.59519039474713
2024-07-30,38.784363394618076
2024-07-31,40.404670856990464
2024-08-01,38.09183425464778
2024-08-02,33.020181792809424
2024-08-05,32.962264311507624
2024-08-06,33.31191310076313
2024-08-07,33.911529016436816
2024-08-08,35.56842664156764
2024-08-09,36.33387813096931
2024-08-12,37.11629155812563
2024-08-13,37.73042355390679
2024-08-14,37.7724863881992
2024-08-15,38.80723184904099
2024-08-16,38.925002152430096
2024-08-19,39.44655718450486
2024-08-20,38.706300759279706
2024-08-21,38.50440753461612
2024-08-22,37.38557158266938
2024-08-23,38.78207807543396
2024-08-26,37.85673298778984
2024-08-27,38.420374854717124
2024-08-28,37.814684143348764
2024-08-29,38.67276706419598
2024-08-30,39.18591638325723
2024-09-02,38.420414485875526
2024-09-03,34.26470648865999
2024-09-04,35.19024233968943
2024-09-05,34.870523390996496
2024-09-06,33.902943668101514
2024-09-09,34.97153698244558
2024-09-10,34.390991492825194
2024-09-11,35.93074010437093
2024-09-12,36.70477101136632
2024-09-13,36.9066846730434
2024-09-16,36.82255448697505
2024-09-18,36.578576588576496
2024-09-19,38.76599207804133
2024-09-20,38.52203317428586
2024-09-23,38.437908403629066
2024-09-24,40.187708599113336
2024-09-25,40.99525465491736
2024-09-26,41.34854339923165
2024-09-27,39.99428413569714
2024-09-30,38.799778155971175
2024-10-01,38.724066961535776
2024-10-04,39.41388531466469
2024-10-07,39.52324555031698
2024-10-08,40.3139891023412
2024-10-09,40.27192953876857
2024-10-11,40.66729110934021
2024-10-14,41.38229398111798
2024-10-15,40.68413204259922
2024-10-16,41.17201780604239
2024-10-17,43.30857153237668
2024-10-18,43.43473640712784
2024-10-21,42.383369796600185
2024-10-22,42.2403770110832
2024-10-23,42.07215052139933
2024-10-24,41.97121553618943
2024-10-25,42.77029936925702
2024-10-28,40.86096437380182
2024-10-29,40.87778895651214
2024-10-30,38.413138066955895
2024-11-01,40.08724837195841
2024-11-04,40.16295903267747
2024-11-05,41.180814137068275
2024-11-06,41.35746071337794
2024-11-07,43.14914605916366
2024-11-08,42.787466594386395
2024-11-11,41.357558210610755
2024-11-12,40.35656869824309
2024-11-13,40.163093555080216
2024-11-14,39.801372970192936
2024-11-15,39.77613742575447
2024-11-18,39.431236761895555
2024-11-19,39.8013780615803
2024-11-20,39.06951894008079
2024-11-21,39.85187465739618
2024-11-22,41.029579813111624
2024-11-25,39.87716193288551
2024-11-26,39.372430996516705
2024-11-27,38.27882536284926
2024-11-28,37.2272344709354
2024-11-29,38.943508726101456
2024-12-02,40.65966206051551
2024-12-03,40.97090316093546
2024-12-04,41.441968017208424
2024-12-05,41.4335557901556
2024-12-06,41.332616734606134
2024-12-09,41.18961598394553
2024-12-10,40.087670435508905
2024-12-11,40.752232814127716
2024-12-12,40.30639838230533
2024-12-13,41.28220098250537
2024-12-16,40.7774944337652
2024-12-17,40.43260443212016
2024-12-18,39.599811894321405
2024-12-19,39.431565337024516
2024-12-20,39.95313417400244
2024-12-23,41.332736459037754
2024-12-24,41.28226530866501
2024-12-25,41.3747955001956
2024-12-26,41.029912848032914
2024-12-27,41.046737615128016
2024-12-30,40.33172911289086
2024-12-31,40.104601437318244
2025-01-02,40.16348767275691
2025-01-03,41.248654941665535
2025-01-06,43.42731245535711
2025-01-07,42.18246376526319
2025-01-08,41.48430480486975
2025-01-09,40.491718539718136
2025-01-10,40.13841017821676
2025-01-13,38.97752825820192
2025-01-14,39.09530396761692
2025-01-15,40.00385809126083
2025-01-16,40.458121575712134
2025-01-17,40.517004741813174
2025-01-20,40.80301500903704
2025-01-21,41.8965736458548
2025-01-22,38.6917385953974
2025-02-03,39.43205836912298
2025-02-04,39.97887016826819
2025-02-05,40.92946007721972
2025-02-06,40.778045042101795
2025-02-07,40.84534043381122
2025-02-10,41.19864674728045
2025-02-11,41.3164130823384
2025-02-12,40.74440625364133
2025-02-13,40.70234592848508
2025-02-14,40.76964153069261
2025-02-17,41.52672665221762
2025-02-18,41.77908115992022
2025-02-19,41.518316786628525
2025-02-20,41.38372971885729
2025-02-21,41.30802089908681
2025-02-24,40.77807304336455
2025-02-25,40.27334955749925
2025-02-26,40.726902297073416
2025-02-27,39.745192886511326
2025-03-03,39.28417989757192
2025-03-04,39.69258446736806
2025-03-05,39.76156425521587
2025-03-06,39.51545851564625
2025-03-07,39.48207036404704
2025-03-10,39.041082504348395
2025-03-11,39.32131116170065
2025-03-12,40.28986194104827
2025-03-13,38.89976594251823
2025-03-14,39.52687649494535
2025-03-17,39.835149503165056
2025-03-18,39.53129892221263
2025-03-19,39.61168084938285
2025-03-20,39.995719523337115
2025-03-21,40.04970557577363
2025-03-24,40.05873465988775
2025-03-25,40.049705578946025
2025-03-26,38.71348378863966
2025-03-27,37.98213271050085
2025-03-28,35.13790640154976
2025-03-31,35.0476021084029
2025-04-01,36.08610565073193
2025-04-02,28.997508164574427
2025-04-07,26.992069435347034
2025-04-08,25.429093531664783
2025-04-09,27.4530259106835
2025-04-10,26.061732462414792
2025-04-11,29.955873396422515
2025-04-14,29.197076917013554
2025-04-15,29.26934512592034
2025-04-16,28.35694802666058
2025-04-17,28.591834717821037
2025-04-18,28.266611368480767
2025-04-21,27.101209325569585
2025-04-22,28.36607212149994
2025-04-23,29.350789157360744
2025-04-24,30.344488882022866
2025-04-25,30.36255633018961
2025-04-28,30.38062100489423
2025-04-29,30.778082073833303
2025-04-30,31.94333518839048
2025-05-02,32.801418939038484
2025-05-05,31.220802801266085
2025-05-06,31.88019646885844
2025-05-07,32.006651111406114
2025-05-08,32.47634004132904
2025-05-09,33.53311493098664
2025-05-12,35.02336372948584
2025-05-13,35.51104861961013
2025-05-14,35.86325779155122
2025-05-15,35.691671617274245
2025-05-16,35.72779485793293
2025-05-19,35.72779485793293
2025-05-20,35.47492981583008
2025-05-21,35.456866645251175
2025-05-22,35.70973469784814
2025-05-23,35.12272349618741
2025-05-26,35.014351027624556
2025-05-27,35.24013153823913
2025-05-28,35.40269077991902
2025-05-29,33.75903849671571
2025-06-02,33.94870306389903
2025-06-03,34.64414294134377
2025-06-04,35.61050275199111
2025-06-05,35.429882596602326
2025-06-06,36.17042946505974
2025-06-09,36.50456984627569
2025-06-10,37.93141341345507
2025-06-11,37.84111208382673
2025-06-12,36.8658551983297
2025-06-13,36.74845653844015
2025-06-16,37.67860833588339
2025-06-17,37.20000415206837
2025-06-18,37.5702518219498
2025-06-19,37.046496753459024
2025-06-20,35.719015411054116
2025-06-23,37.47102905695289
2025-06-24,38.44630773705498
2025-06-25,38.71720731000988
2025-06-26,38.708176871592144
2025-06-27,38.617877965981876
2025-06-30,39.132584706318845
2025-07-01,38.933929360628674
2025-07-02,40.16198409324176
2025-07-03,40.604423151002436
2025-07-04,39.421593940523046
2025-07-07,38.988171903213555
2025-07-08,38.65406800784553
2025-07-09,39.53900249593446
2025-07-10,40.08077920722275
2025-07-11,40.37874901772361
2025-07-14,39.990489457446444
2025-07-15,41.21849304958196
2025-07-16,42.12139655625343
2025-07-17,43.403477797769526
2025-07-18,43.078457810893376
2025-07-21,43.105544735584715
2025-07-22,42.59092397836132
2025-07-23,43.25000958533107
2025-07-24,43.16875480108302
2025-07-25,43.55697752861791
2025-07-28,43.313213092198154
2025-07-29,43.34932594454143
2025-07-30,43.47572214122151
2025-07-31,42.76248713386352
2025-08-01,42.59094555895287
2025-08-04,43.99940609241741
2025-08-05,43.68342122276781
2025-08-06,45.145994600833376
2025-08-07,45.786967888702435
2025-08-08,45.40167457174146
2025-08-11,45.715935457131685
2025-08-12,45.871094237820685
2025-08-13,45.83870091853822
2025-08-14,45.819409398619285
2025-08-15,45.819409398619285
