date,weight,price
2014-10-23,,20.00000000
2014-10-24,,20.00000000
2014-10-27,,20.00000000
2014-10-28,,20.00000000
2014-10-29,,20.00000000
2014-10-30,,19.98999977
2014-10-31,,20.20000076
2014-11-03,,20.36000061
2014-11-04,,20.46999931
2014-11-05,,20.29999924
2014-11-06,,20.01000023
2014-11-07,,20.12999916
2014-11-10,,20.73999977
2014-11-11,,20.69000053
2014-11-12,,20.10000038
2014-11-13,,20.29999924
2014-11-14,,20.31999969
2014-11-17,,20.05999947
2014-11-18,,19.89999962
2014-11-19,,20.37999916
2014-11-20,,20.90999985
2014-11-21,,19.47999954
2014-11-24,,19.46999931
2014-11-25,,19.45000076
2014-11-26,,19.47999954
2014-11-27,,19.32999992
2014-11-28,,19.34000015
2014-12-01,,19.45000076
2014-12-02,,19.62000084
2014-12-03,,19.34000015
2014-12-04,,19.26000023
2014-12-05,,19.27000046
2014-12-08,,19.29999924
2014-12-09,,19.39999962
2014-12-10,,19.64999962
2014-12-11,,19.65999985
2014-12-12,,19.64999962
2014-12-15,,19.65999985
2014-12-16,,19.73999977
2014-12-17,,19.90999985
2014-12-18,,19.95000076
2014-12-19,,19.59000015
2014-12-22,,19.43000031
2014-12-23,,19.37999916
2014-12-24,,19.27000046
2014-12-25,,19.27000046
2014-12-26,,19.20000076
2014-12-29,,18.97999954
2014-12-30,,19.05999947
2014-12-31,,19.04999924
2015-01-05,,19.12000084
2015-01-06,,19.53000069
2015-01-07,,19.48999977
2015-01-08,0.00000000,19.12000084
2015-01-09,0.00000000,19.17000008
2015-01-12,0.00000000,19.25000000
2015-01-13,0.00000000,19.15999985
2015-01-14,0.00000000,19.27000046
2015-01-15,0.00000000,19.27000046
2015-01-16,0.00000000,19.39999962
2015-01-19,0.00000000,19.30999947
2015-01-20,0.00000000,19.12000084
2015-01-21,0.00000000,19.03000069
2015-01-22,0.00000000,18.88999939
2015-01-23,0.00000000,18.70000076
2015-01-26,0.00000000,18.70999908
2015-01-27,0.00000000,18.60000038
2015-01-28,0.00000000,18.59000015
2015-01-29,0.00000000,18.75000000
2015-01-30,0.00000000,18.81999969
2015-02-02,0.00000000,18.81999969
2015-02-03,0.00000000,18.70999908
2015-02-04,0.00000000,18.60000038
2015-02-05,0.00000000,16.96999931
2015-02-06,0.00000000,18.69000053
2015-02-09,0.00000000,18.72999954
2015-02-10,0.00000000,18.77000046
2015-02-11,0.00000000,18.62999916
2015-02-12,0.00000000,18.65999985
2015-02-13,0.00000000,18.57999992
2015-02-24,0.00000000,18.38999939
2015-02-25,0.00000000,18.28000069
2015-02-26,0.00000000,18.34000015
2015-03-02,0.00000000,18.38999939
2015-03-03,0.00000000,18.39999962
2015-03-04,0.00000000,18.40999985
2015-03-05,0.00000000,18.42000008
2015-03-06,0.00000000,18.39999962
2015-03-09,0.00000000,18.46999931
2015-03-10,0.00000000,18.55999947
2015-03-11,0.00000000,18.59000015
2015-03-12,0.00000000,18.45000076
2015-03-13,0.00000000,18.46999931
2015-03-16,0.00000000,18.53000069
2015-03-17,0.00000000,18.52000046
2015-03-18,0.00000000,18.38999939
2015-03-19,0.00000000,18.19000053
2015-03-20,0.00000000,18.18000031
2015-03-23,0.00000000,18.18000031
2015-03-24,0.00000000,18.23999977
2015-03-25,0.00000000,18.28000069
2015-03-26,0.00000000,18.42000008
2015-03-27,0.00000000,18.55999947
2015-03-30,0.00000000,18.54000092
2015-03-31,0.00000000,18.47999954
2015-04-01,0.00000000,18.61000061
2015-04-02,0.00000000,18.40999985
2015-04-07,0.00000000,18.35000038
2015-04-08,0.00000000,18.47999954
2015-04-09,0.00000000,18.46999931
2015-04-10,0.00000000,18.38999939
2015-04-13,0.00000000,18.31999969
2015-04-14,0.00000000,18.35000038
2015-04-15,0.00000000,18.53000069
2015-04-16,0.00000000,18.37000084
2015-04-17,0.00000000,18.45999908
2015-04-20,0.00000000,18.48999977
2015-04-21,0.00000000,18.51000023
2015-04-22,0.00000000,18.37000084
2015-04-23,0.00000000,17.96999931
2015-04-24,0.00000000,17.82999992
2015-04-27,0.00000000,17.64999962
2015-04-28,0.00000000,17.70999908
2015-04-29,0.00000000,17.81999969
2015-04-30,0.00000000,17.87999916
2015-05-04,0.00000000,17.85000038
2015-05-05,0.00000000,17.93000031
2015-05-06,0.00000000,17.88999939
2015-05-07,0.00000000,18.06999969
2015-05-08,0.00000000,18.10000038
2015-05-11,0.00000000,18.13999939
2015-05-12,0.00000000,18.14999962
2015-05-13,0.00000000,18.12000084
2015-05-14,0.00000000,18.32999992
2015-05-15,0.00000000,18.44000053
2015-05-18,0.00000000,18.39999962
2015-05-19,0.00000000,18.17000008
2015-05-20,0.00000000,18.20999908
2015-05-21,0.00000000,18.45000076
2015-05-22,0.00000000,18.35000038
2015-05-25,0.00000000,18.36000061
2015-05-26,0.00000000,18.27000046
2015-05-27,0.00000000,18.20000076
2015-05-28,0.00000000,18.14999962
2015-05-29,0.00000000,18.15999985
2015-06-01,0.00000000,18.31999969
2015-06-02,0.00000000,18.36000061
2015-06-03,0.00000000,18.50000000
2015-06-04,0.00000000,18.90999985
2015-06-05,0.00000000,18.88999939
2015-06-08,0.00000000,18.80999947
2015-06-09,0.00000000,19.06999969
2015-06-10,0.00000000,18.93000031
2015-06-11,0.00000000,18.93000031
2015-06-12,0.99984839,18.97999954
2015-06-15,0.99984903,19.05999947
2015-06-16,0.99985020,19.20999908
2015-06-17,0.99984966,19.13999939
2015-06-18,0.99984942,19.11000061
2015-06-22,0.00000000,18.85000038
2015-06-23,0.00000000,18.76000023
2015-06-24,0.00000000,18.78000069
2015-06-25,0.00000000,18.57999992
2015-06-26,0.00000000,18.60000038
2015-06-29,0.00000000,19.02000046
2015-06-30,0.00000000,18.87000084
2015-07-01,0.00000000,18.69000053
2015-07-02,0.00000000,18.68000031
2015-07-03,0.00000000,18.64999962
2015-07-06,0.00000000,18.79000092
2015-07-07,0.00000000,18.75000000
2015-07-08,0.00000000,19.31999969
2015-07-09,0.00000000,19.39999962
2015-07-10,0.00000000,19.39999962
2015-07-13,0.00000000,19.13999939
2015-07-14,0.00000000,19.17000008
2015-07-15,0.00000000,19.15999985
2015-07-16,0.00000000,19.07999992
2015-07-17,0.00000000,19.11000061
2015-07-20,0.00000000,19.23999977
2015-07-21,0.00000000,19.13999939
2015-07-22,0.00000000,19.26000023
2015-07-23,0.00000000,19.40999985
2015-07-24,0.00000000,19.54000092
2015-07-27,0.00000000,19.89999962
2015-07-28,0.00000000,19.82999992
2015-07-29,0.00000000,19.98999977
2015-07-30,0.00000000,19.75000000
2015-07-31,0.00000000,19.87999916
2015-08-03,0.00000000,20.13999939
2015-08-04,0.00000000,20.11000061
2015-08-05,0.00000000,19.92000008
2015-08-06,0.00000000,20.19000053
2015-08-07,0.00000000,20.23999977
2015-08-10,0.00000000,20.07999992
2015-08-11,0.00000000,20.27000046
2015-08-12,0.00000000,20.45999908
2015-08-13,0.00000000,20.43000031
2015-08-14,0.00000000,20.45000076
2015-08-17,0.00000000,20.59000015
2015-08-18,0.00000000,20.75000000
2015-08-19,0.00000000,21.09000015
2015-08-20,0.00000000,21.18000031
2015-08-21,0.99997033,21.76000023
2015-08-24,0.99995529,14.43999958
2015-08-25,0.99995861,15.60000038
2015-08-26,0.99995906,15.77000046
2015-08-27,0.99995937,15.89000034
2015-08-28,0.99996152,16.78000069
2015-08-31,0.99996198,16.97999954
2015-09-01,0.00000000,16.63999939
2015-09-02,0.00000000,17.01000023
2015-09-03,0.00000000,17.04999924
2015-09-04,0.00000000,16.72999954
2015-09-07,0.00000000,16.81999969
2015-09-08,0.00000000,16.81999969
2015-09-09,0.00000000,18.39999962
2015-09-10,0.00000000,18.19000053
2015-09-11,0.00000000,18.28000069
2015-09-14,0.00000000,18.14999962
2015-09-15,0.00000000,18.04000092
2015-09-16,0.00000000,18.29000092
2015-09-17,0.00000000,18.97999954
2015-09-18,0.00000000,19.07999992
2015-09-21,0.00000000,18.20000076
2015-09-22,0.00000000,18.37999916
2015-09-23,0.00000000,17.68000031
2015-09-24,0.00000000,17.45999908
2015-09-25,0.00000000,17.54000092
2015-09-29,0.00000000,17.54000092
2015-09-30,0.00000000,17.67000008
2015-10-01,0.00000000,18.28000069
2015-10-02,0.00000000,18.17000008
2015-10-05,0.00000000,18.29999924
2015-10-06,0.00000000,18.55999947
2015-10-07,0.00000000,19.10000038
2015-10-08,0.00000000,18.87000084
2015-10-12,0.00000000,19.50000000
2015-10-13,0.00000000,19.39999962
2015-10-14,0.00000000,19.23999977
2015-10-15,0.00000000,19.70000076
2015-10-16,0.00000000,19.62000084
2015-10-19,0.00000000,19.67000008
2015-10-20,0.00000000,19.77000046
2015-10-21,0.00000000,19.54000092
2015-10-22,0.00000000,19.60000038
2015-10-23,0.00000000,19.89999962
2015-10-26,0.00000000,20.20000076
2015-10-27,0.00000000,19.95999908
2015-10-28,0.00000000,19.79000092
2015-10-29,0.00000000,19.47999954
2015-10-30,0.00000000,19.45999908
2015-11-02,0.00000000,19.47999954
2015-11-03,0.00000000,20.09000015
2015-11-04,0.00000000,20.82999992
2015-11-05,0.00000000,20.80999947
2015-11-06,0.00000000,20.04000092
2015-11-09,0.00000000,19.68000031
2015-11-10,0.00000000,19.27000046
2015-11-11,0.00000000,18.79999924
2015-11-12,0.00000000,18.82999992
2015-11-13,0.00000000,18.43000031
2015-11-16,0.00000000,18.20000076
2015-11-17,0.00000000,18.81999969
2015-11-18,0.00000000,18.31999969
2015-11-19,0.00000000,18.79000092
2015-11-20,0.00000000,18.79000092
2015-11-23,0.00000000,18.93000031
2015-11-24,0.00000000,18.60000038
2015-11-25,0.00000000,18.53000069
2015-11-26,0.00000000,19.05999947
2015-11-27,0.00000000,18.62999916
2015-11-30,0.99989738,18.09000015
2015-12-01,0.99990104,18.76000023
2015-12-02,0.99990146,18.84000015
2015-12-03,0.99990178,18.89999962
2015-12-04,0.99989992,18.54999924
2015-12-07,0.00000000,18.88999939
2015-12-08,0.00000000,18.37000084
2015-12-09,0.00000000,17.96999931
2015-12-10,0.00000000,17.72999954
2015-12-11,0.00000000,17.26000023
2015-12-14,0.00000000,17.07999992
2015-12-15,0.00000000,17.12999916
2015-12-16,0.00000000,17.60000038
2015-12-17,0.00000000,18.04999924
2015-12-18,0.00000000,17.90999985
2015-12-21,0.00000000,17.96999931
2015-12-22,0.00000000,17.93000031
2015-12-23,0.00000000,18.04999924
2015-12-24,0.00000000,18.18000031
2015-12-25,0.00000000,18.36000061
2015-12-28,0.99985530,18.37999916
2015-12-29,0.99985258,18.04000092
2015-12-30,0.99985126,17.87999916
2015-12-31,0.99985200,17.96999931
2016-01-04,0.99984529,17.19000053
2016-01-05,0.99984300,16.94000053
2016-01-06,0.99984008,16.62999916
2016-01-07,0.99983399,16.02000046
2016-01-08,0.99983604,16.21999931
2016-01-11,0.99983071,15.71000004
2016-01-12,0.99982930,15.57999992
2016-01-13,0.99983263,15.89000034
2016-01-14,0.99982930,15.57999992
2016-01-15,0.99982742,15.40999985
2016-01-18,0.99983337,15.96000004
2016-01-19,0.99983481,16.10000038
2016-01-20,0.99982446,15.14999962
2016-01-21,0.99982538,15.22999954
2016-01-22,0.99983007,15.64999962
2016-01-25,0.99983573,16.19000053
2016-01-26,0.99983295,15.92000008
2016-01-27,0.99983368,15.98999977
2016-01-28,0.99983563,16.18000031
2016-01-29,0.99984282,16.92000008
2016-01-30,0.99984777,17.46999931
2016-02-01,0.99984600,17.27000046
2016-02-02,0.99984538,17.20000076
2016-02-03,0.99984328,16.96999931
2016-02-15,0.99984383,17.03000069
2016-02-16,0.99985017,17.75000000
2016-02-17,0.99984898,17.61000061
2016-02-18,0.99985241,18.02000046
2016-02-19,0.99985306,18.10000038
2016-02-22,0.99985323,18.12000084
2016-02-23,0.99985274,18.05999947
2016-02-24,0.99985076,17.81999969
2016-02-25,0.99985467,18.29999924
2016-02-26,0.99985530,18.37999916
2016-03-01,0.99985854,18.79999924
2016-03-02,0.99986039,19.04999924
2016-03-03,0.99986256,19.35000038
2016-03-04,0.99986347,19.47999954
2016-03-07,0.99986347,19.47999954
2016-03-08,0.99986347,19.47999954
2016-03-09,0.99986347,19.47999954
2016-03-10,0.99986417,19.57999992
2016-03-11,0.99986629,19.88999939
2016-03-14,0.99986795,20.13999939
2016-03-15,0.99986270,19.37000084
2016-03-16,0.99986527,19.73999977
2016-03-17,0.99986722,20.03000069
2016-03-18,0.99986963,20.39999962
2016-03-21,0.99986931,20.35000038
2016-03-22,0.99986801,20.14999962
2016-03-23,0.99986801,20.14999962
2016-03-24,0.99986821,20.18000031
2016-03-25,0.99986702,20.00000000
2016-03-28,0.99986702,20.00000000
2016-03-29,0.99986472,19.65999985
2016-03-30,0.99986899,20.29999924
2016-03-31,0.99986860,20.23999977
2016-04-01,0.99986554,19.78000069
2016-04-06,0.99986032,19.04000092
2016-04-07,0.99985876,18.82999992
2016-04-08,0.99986039,19.04999924
2016-04-11,0.99986191,19.26000023
2016-04-12,0.99986148,19.20000076
2016-04-13,0.99986608,19.86000061
2016-04-14,0.99986669,19.95000076
2016-04-15,0.99986768,20.10000038
2016-04-18,0.99986602,19.85000038
2016-04-19,0.99986479,19.67000008
2016-04-20,0.99986024,19.03000069
2016-04-21,0.99986213,19.29000092
2016-04-22,0.99986213,19.29000092
2016-04-25,0.99986305,19.42000008
2016-04-26,0.99986417,19.57999992
2016-04-27,0.99986396,19.54999924
2016-04-28,0.99985913,18.87999916
2016-04-29,0.99985577,18.44000053
2016-05-03,0.99985306,18.10000038
2016-05-04,0.99984889,17.60000038
2016-05-05,0.99984940,17.65999985
2016-05-06,0.99984742,17.43000031
2016-05-09,0.99984715,17.39999962
2016-05-10,0.99984898,17.61000061
2016-05-11,0.99984759,17.45000076
2016-05-12,0.99984707,17.38999939
2016-05-13,0.99984356,17.00000000
2016-05-16,0.99984565,17.22999954
2016-05-17,0.99984855,17.55999947
2016-05-18,0.99984803,17.50000000
2016-05-19,0.99984591,17.26000023
2016-05-20,0.99984811,17.51000023
2016-05-23,0.99985655,18.54000092
2016-05-24,0.99985467,18.29999924
2016-05-25,0.99985793,18.71999931
2016-05-26,0.99985778,18.70000076
2016-05-27,0.99985995,18.98999977
2016-05-30,0.99986213,19.29000092
2016-05-31,0.99986184,19.25000000
2016-06-01,0.99986424,19.59000015
2016-06-02,0.99986312,19.43000031
2016-06-03,0.99986389,19.54000092
2016-06-04,0.99986486,19.68000031
2016-06-06,0.99986445,19.62000084
2016-06-07,0.99986749,20.06999969
2016-06-08,0.99986886,20.28000069
2016-06-13,0.99986227,19.30999947
2016-06-14,0.99986410,19.56999969
2016-06-15,0.99986520,19.72999954
2016-06-16,0.99986090,19.12000084
2016-06-17,0.99986438,19.61000061
2016-06-20,0.99986669,19.95000076
2016-06-21,0.99986821,20.18000031
2016-06-22,0.99986808,20.15999985
2016-06-23,0.99986808,20.15999985
2016-06-24,0.99985936,18.90999985
2016-06-27,0.99986248,19.34000015
2016-06-28,0.99986389,19.54000092
2016-06-29,0.99986602,19.85000038
2016-06-30,0.99986886,20.28000069
2016-07-01,0.99987170,20.72999954
2016-07-04,0.99987220,20.80999947
2016-07-05,0.99987164,20.71999931
2016-07-06,0.99986642,19.90999985
2016-07-07,0.99986969,20.40999985
2016-07-11,0.99987473,21.22999954
2016-07-12,0.99987641,21.52000046
2016-07-13,0.99987664,21.55999947
2016-07-14,0.99987716,21.64999962
2016-07-15,0.99988004,22.17000008
2016-07-18,0.99988237,22.61000061
2016-07-19,0.99988340,22.80999947
2016-07-20,0.99988242,22.62000084
2016-07-21,0.99988487,23.10000038
2016-07-22,0.99988396,22.92000008
2016-07-25,0.99988253,22.63999939
2016-07-26,0.99988416,22.95999908
2016-07-27,0.99988516,23.15999985
2016-07-28,0.99988546,23.21999931
2016-07-29,0.99988386,22.89999962
2016-08-01,0.99988624,23.37999916
2016-08-02,0.99988610,23.35000038
2016-08-03,0.99988406,22.94000053
2016-08-04,0.99988442,23.01000023
2016-08-05,0.99988707,23.54999924
2016-08-08,0.99988825,23.79999924
2016-08-09,0.99988904,23.96999931
2016-08-10,0.99988982,24.13999939
2016-08-11,0.99988778,23.70000076
2016-08-12,0.99988886,23.93000031
2016-08-15,0.99988890,23.94000053
2016-08-16,0.99988773,23.69000053
2016-08-17,0.99988759,23.65999985
2016-08-18,0.99988816,23.78000069
2016-08-19,0.99988585,23.29999924
2016-08-22,0.99988391,22.90999985
2016-08-23,0.99988658,23.45000076
2016-08-24,0.99988590,23.30999947
2016-08-25,0.99988830,23.80999947
2016-08-26,0.99988886,23.93000031
2016-08-29,0.99988787,23.71999931
2016-08-30,0.99988811,23.77000046
2016-08-31,0.99988654,23.44000053
2016-09-01,0.99988541,23.20999908
2016-09-02,0.99988506,23.13999939
2016-09-05,0.99988872,23.89999962
2016-09-06,0.99989046,24.28000069
2016-09-07,0.99989340,24.95000076
2016-09-08,0.99989297,24.85000038
2016-09-09,0.99989001,24.18000031
2016-09-10,0.99988590,23.30999947
2016-09-12,0.99988472,23.06999969
2016-09-13,0.99988411,22.95000076
2016-09-14,0.99988340,22.80999947
2016-09-19,0.99989060,24.30999947
2016-09-20,0.99989037,24.26000023
2016-09-21,0.99989144,24.50000000
2016-09-22,0.99989219,24.67000008
2016-09-23,0.99989357,24.98999977
2016-09-26,0.99989131,24.46999931
2016-09-27,0.99989131,24.46999931
2016-09-28,0.99989131,24.46999931
2016-09-29,0.99989421,25.13999939
2016-09-30,0.99989180,24.57999992
2016-10-03,0.99989237,24.70999908
2016-10-04,0.99989387,25.05999947
2016-10-05,0.99989349,24.96999931
2016-10-06,0.99989370,25.02000046
2016-10-07,0.99989374,25.03000069
2016-10-11,0.99989241,24.71999931
2016-10-12,0.99989458,25.22999954
2016-10-13,0.99989284,24.81999969
2016-10-14,0.99989232,24.70000076
2016-10-17,0.99989224,24.68000031
2016-10-18,0.99989349,24.96999931
2016-10-19,0.99989471,25.26000023
2016-10-20,0.99989550,25.45000076
2016-10-21,0.99989541,25.43000031
2016-10-24,0.99989603,25.57999992
2016-10-25,0.99989775,26.01000023
2016-10-26,0.99989675,25.76000023
2016-10-27,0.99989554,25.45999908
2016-10-28,0.99989537,25.42000008
2016-10-31,0.99989558,25.46999931
2016-11-01,0.99989533,25.40999985
2016-11-02,0.99989232,24.70000076
2016-11-03,0.99989104,24.40999985
2016-11-04,0.99989037,24.26000023
2016-11-07,0.99989353,24.97999954
2016-11-08,0.99989429,25.15999985
2016-11-09,0.99988721,23.57999992
2016-11-10,0.99989319,24.89999962
2016-11-11,0.99988754,23.64999962
2016-11-14,0.99988721,23.57999992
2016-11-15,0.99988716,23.56999969
2016-11-16,0.99988787,23.71999931
2016-11-17,0.99988778,23.70000076
2016-11-18,0.99988867,23.88999939
2016-11-21,0.99988895,23.95000076
2016-11-22,0.99989202,24.62999916
2016-11-23,0.99989289,24.82999992
2016-11-24,0.99989188,24.60000038
2016-11-25,0.99989215,24.65999985
2016-11-28,0.99989366,25.01000023
2016-11-29,0.99989336,24.94000053
2016-11-30,0.99989319,24.89999962
2016-12-01,0.99989425,25.14999962
2016-12-02,0.99989162,24.54000092
2016-12-05,0.99989158,24.53000069
2016-12-06,0.99989433,25.17000008
2016-12-07,0.99989433,25.17000008
2016-12-08,0.99989635,25.65999985
2016-12-09,0.99989715,25.86000061
2016-12-12,0.99989651,25.70000076
2016-12-13,0.99989695,25.80999947
2016-12-14,0.99989691,25.79999924
2016-12-15,0.99989671,25.75000000
2016-12-16,0.99989554,25.45999908
2016-12-19,0.99989391,25.06999969
2016-12-20,0.99989378,25.04000092
2016-12-21,0.99989349,24.96999931
2016-12-22,0.99989100,24.39999962
2016-12-23,0.99989032,24.25000000
2016-12-26,0.99989073,24.34000015
2016-12-27,0.99989082,24.36000061
2016-12-28,0.99989302,24.86000061
2016-12-29,0.99989232,24.70000076
2016-12-30,0.99989366,25.01000023
2017-01-03,0.99989387,25.05999947
2017-01-04,0.99989425,25.14999962
2017-01-05,0.99989566,25.48999977
2017-01-06,0.99989615,25.61000061
2017-01-09,0.99989566,25.48999977
2017-01-10,0.99989558,25.46999931
2017-01-11,0.99989566,25.48999977
2017-01-12,0.99989731,25.89999962
2017-01-13,0.99989639,25.67000008
2017-01-16,0.99989442,25.19000053
2017-01-17,0.99989541,25.43000031
2017-01-18,0.99989500,25.32999992
2017-01-19,0.99989454,25.21999931
2017-01-20,0.99989508,25.35000038
2017-01-23,0.99989695,25.80999947
2017-01-24,0.99989790,26.04999924
2017-02-02,0.99989679,25.77000046
2017-02-03,0.99989719,25.87000084
2017-02-06,0.99989856,26.21999931
2017-02-07,0.99989887,26.29999924
2017-02-08,0.99989880,26.28000069
2017-02-09,0.99990005,26.61000061
2017-02-10,0.99990189,27.11000061
2017-02-13,0.99990261,27.30999947
2017-02-14,0.99990297,27.40999985
2017-02-15,0.99990464,27.88999939
2017-02-16,0.99990398,27.70000076
2017-02-17,0.99990384,27.65999985
2017-02-18,0.99990440,27.81999969
2017-02-20,0.99990318,27.46999931
2017-02-21,0.99990350,27.55999947
2017-02-22,0.99990388,27.67000008
2017-02-23,0.99990346,27.54999924
2017-02-24,0.99990343,27.54000092
2017-03-01,0.99990186,27.10000038
2017-03-02,0.99990186,27.10000038
2017-03-03,0.99990080,26.80999947
2017-03-06,0.99990127,26.94000053
2017-03-07,0.99990218,27.19000053
2017-03-08,0.99990268,27.32999992
2017-03-09,0.99990076,26.79999924
2017-03-10,0.99990054,26.73999977
2017-03-13,0.99990175,27.06999969
2017-03-14,0.99990293,27.39999962
2017-03-15,0.99990268,27.32999992
2017-03-16,0.99990491,27.96999931
2017-03-17,0.99990572,28.20999908
2017-03-20,0.99990602,28.29999924
2017-03-21,0.99990743,28.72999954
2017-03-22,0.99990605,28.30999947
2017-03-23,0.99990665,28.48999977
2017-03-24,0.99990609,28.31999969
2017-03-27,0.99990585,28.25000000
2017-03-28,0.99990609,28.31999969
2017-03-29,0.99990572,28.20999908
2017-03-30,0.99990552,28.14999962
2017-03-31,0.99990498,27.98999977
2017-04-05,0.99990717,28.64999962
2017-04-06,0.99990625,28.37000084
2017-04-07,0.99990559,28.17000008
2017-04-10,0.99990569,28.20000076
2017-04-11,0.99990498,27.98999977
2017-04-12,0.99990494,27.97999954
2017-04-13,0.99990575,28.21999931
2017-04-14,0.99990360,27.59000015
2017-04-17,0.99990377,27.63999939
2017-04-18,0.99990367,27.61000061
2017-04-19,0.99990171,27.05999947
2017-04-20,0.99990182,27.09000015
2017-04-21,0.99990339,27.53000069
2017-04-24,0.99990381,27.64999962
2017-04-25,0.99990569,28.20000076
2017-04-26,0.99990618,28.35000038
2017-04-27,0.99990595,28.28000069
2017-04-28,0.99990625,28.37000084
2017-05-02,0.99990784,28.86000061
2017-05-03,0.99990829,29.00000000
2017-05-04,0.99990848,29.05999947
2017-05-05,0.99990717,28.64999962
2017-05-08,0.99990829,29.00000000
2017-05-09,0.99990879,29.15999985
2017-05-10,0.99990944,29.37000084
2017-05-11,0.99991009,29.57999992
2017-05-12,0.99990969,29.45000076
2017-05-15,0.99991054,29.72999954
2017-05-16,0.99991015,29.60000038
2017-05-17,0.99990975,29.46999931
2017-05-18,0.99990916,29.28000069
2017-05-19,0.99990898,29.21999931
2017-05-22,0.99990941,29.36000061
2017-05-23,0.99991012,29.59000015
2017-05-24,0.99991024,29.62999916
2017-05-25,0.99991193,30.20000076
2017-05-26,0.99991181,30.15999985
2017-05-31,0.99991057,29.73999977
2017-06-01,0.99991131,29.98999977
2017-06-02,0.99991216,30.28000069
2017-06-03,0.99991288,30.53000069
2017-06-05,0.99991348,30.73999977
2017-06-06,0.99991337,30.70000076
2017-06-07,0.99991356,30.77000046
2017-06-08,0.99991409,30.95999908
2017-06-09,0.99991365,30.79999924
2017-06-12,0.99991205,30.23999977
2017-06-13,0.99991222,30.29999924
2017-06-14,0.99991111,29.92000008
2017-06-15,0.99991131,29.98999977
2017-06-16,0.99991303,30.57999992
2017-06-19,0.99991478,31.20999908
2017-06-20,0.99991655,31.87000084
2017-06-21,0.99991675,31.95000076
2017-06-22,0.99991748,32.22999954
2017-06-23,0.99991722,32.13000107
2017-06-26,0.99992018,33.31999969
2017-06-27,0.99991991,33.20999908
2017-06-28,0.99991846,32.61999893
2017-06-29,0.99991874,32.72999954
2017-06-30,0.99991819,32.50999832
2017-07-03,0.99991859,32.66999817
2017-07-04,0.99991761,32.27999878
2017-07-05,0.99991884,32.77000046
2017-07-06,0.99991826,32.54000092
2017-07-07,0.99991738,32.18999863
2017-07-10,0.99991768,32.31000137
2017-07-11,0.99992030,33.36999893
2017-07-12,0.99992020,33.33000183
2017-07-13,0.99992150,33.88000107
2017-07-14,0.99992098,33.65999985
2017-07-17,0.99992154,33.90000153
2017-07-18,0.99992163,33.93999863
2017-07-19,0.99992225,34.20999908
2017-07-20,0.99992239,34.27000046
2017-07-21,0.99992154,33.90000153
2017-07-24,0.99992163,33.93999863
2017-07-25,0.99992193,34.06999969
2017-07-26,0.99992133,33.81000137
2017-07-27,0.99992311,34.59000015
2017-07-28,0.99992133,33.81000137
2017-07-31,0.99992154,33.90000153
2017-08-01,0.99992193,34.06999969
2017-08-02,0.99992317,34.61999893
2017-08-03,0.99992255,34.34000015
2017-08-04,0.99992284,34.47000122
2017-08-07,0.99992409,35.04000092
2017-08-08,0.99992401,35.00000000
2017-08-09,0.99992279,34.45000076
2017-08-10,0.99992159,33.91999817
2017-08-11,0.99992101,33.66999817
2017-08-14,0.99992008,33.27999878
2017-08-15,0.99992075,33.56000137
2017-08-16,0.99992037,33.40000153
2017-08-17,0.99992166,33.95000076
2017-08-18,0.99992079,33.58000183
2017-08-21,0.99992091,33.63000107
2017-08-22,0.99992207,34.13000107
2017-08-23,0.99992203,34.11000061
2017-08-24,0.99992326,34.65999985
2017-08-25,0.99992383,34.91999817
2017-08-28,0.99992364,34.83000183
2017-08-29,0.99992335,34.70000076
2017-08-30,0.99992401,35.00000000
2017-08-31,0.99992435,35.15999985
2017-09-01,0.99992482,35.38000107
2017-09-04,0.99992448,35.22000122
2017-09-05,0.99992444,35.20000076
2017-09-06,0.99992383,34.91999817
2017-09-07,0.99992331,34.68000031
2017-09-08,0.99992422,35.09999847
2017-09-11,0.99992420,35.09000015
2017-09-12,0.99992444,35.20000076
2017-09-13,0.99992357,34.79999924
2017-09-14,0.99992381,34.90999985
2017-09-15,0.99992394,34.97000122
2017-09-18,0.99992506,35.49000168
2017-09-19,0.99992412,35.04999924
2017-09-20,0.99992359,34.81000137
2017-09-21,0.99992435,35.15999985
2017-09-22,0.99992246,34.29999924
2017-09-25,0.99992103,33.68000031
2017-09-26,0.99991991,33.20999908
2017-09-27,0.99992087,33.61000061
2017-09-28,0.99992046,33.43999863
2017-09-29,0.99992063,33.50999832
2017-10-02,0.99992250,34.31999969
2017-10-03,0.99992264,34.38000107
2017-10-05,0.99992328,34.66999817
2017-10-06,0.99992328,34.66999817
2017-10-11,0.99992516,35.54000092
2017-10-12,0.99992634,36.11000061
2017-10-13,0.99992630,36.09000015
2017-10-16,0.99992697,36.41999817
2017-10-17,0.99992679,36.33000183
2017-10-18,0.99992707,36.47000122
2017-10-19,0.99992765,36.75999832
2017-10-20,0.99992731,36.59000015
2017-10-23,0.99992721,36.54000092
2017-10-24,0.99992711,36.49000168
2017-10-25,0.99992695,36.40999985
2017-10-26,0.99992697,36.41999817
2017-10-27,0.99992653,36.20000076
2017-10-30,0.99992753,36.70000076
2017-10-31,0.99992808,36.97999954
2017-11-01,0.99992806,36.97000122
2017-11-02,0.99992772,36.79999924
2017-11-03,0.99992755,36.70999908
2017-11-06,0.99992769,36.77999878
2017-11-07,0.99992813,37.00999832
2017-11-08,0.99992796,36.91999817
2017-11-09,0.99992683,36.34999847
2017-11-10,0.99992699,36.43000031
2017-11-13,0.99992663,36.25000000
2017-11-14,0.99992651,36.18999863
2017-11-15,0.99992525,35.58000183
2017-11-16,0.99992554,35.72000122
2017-11-17,0.99992687,36.36999893
2017-11-20,0.99992618,36.02999878
2017-11-21,0.99992771,36.79000092
2017-11-22,0.99992831,37.09999847
2017-11-23,0.99992848,37.18999863
2017-11-24,0.99992854,37.22000122
2017-11-27,0.99992691,36.38999939
2017-11-28,0.99992608,35.97999954
2017-11-29,0.99992624,36.06000137
2017-11-30,0.99992403,35.00999832
2017-12-01,0.99992416,35.06999969
2017-12-04,0.99992487,35.40000153
2017-12-05,0.99992375,34.88000107
2017-12-06,0.00000000,33.75000000
2017-12-07,0.00000000,33.56000137
2017-12-08,0.00000000,33.75999832
2017-12-11,0.00000000,34.33000183
2017-12-12,0.00000000,33.86000061
2017-12-13,0.00000000,33.95000076
2017-12-14,0.00000000,34.50999832
2017-12-15,0.00000000,34.02999878
2017-12-18,0.00000000,34.16999817
2017-12-19,0.00000000,33.84000015
2017-12-20,0.00000000,34.15000153
2017-12-21,0.99990288,34.18000031
2017-12-22,0.99990322,34.29999924
2017-12-25,0.99990344,34.38000107
2017-12-26,0.99990135,33.65000153
2017-12-27,0.99990216,33.93000031
2017-12-28,0.99990381,34.50999832
2017-12-29,0.99990507,34.97000122
2018-01-02,0.99990615,35.36999893
2018-01-03,0.99990804,36.09999847
2018-01-04,0.99990832,36.20999908
2018-01-05,0.99990888,36.43000031
2018-01-08,0.99990945,36.65999985
2018-01-09,0.99990957,36.70999908
2018-01-10,0.99990837,36.22999954
2018-01-11,0.99990776,35.99000168
2018-01-12,0.99990957,36.70999908
2018-01-15,0.99991067,37.15999985
2018-01-16,0.99991110,37.34000015
2018-01-17,0.99991138,37.45999908
2018-01-18,0.99991344,38.34999847
2018-01-19,0.99991484,38.97999954
2018-01-22,0.99991600,39.52000046
2018-01-23,0.99991630,39.65999985
2018-01-24,0.99991449,38.81999969
2018-01-25,0.99991503,39.06999969
2018-01-26,0.99991521,39.15000153
2018-01-29,0.99991581,39.43000031
2018-01-30,0.99991384,38.52999878
2018-01-31,0.99991418,38.68000031
2018-02-01,0.99991516,39.13000107
2018-02-02,0.99991446,38.81000137
2018-02-05,0.99991143,37.47999954
2018-02-06,0.99990120,33.59999847
2018-02-07,0.99990433,34.70000076
2018-02-08,0.99990455,34.77999878
2018-02-09,0.99990120,33.59999847
2018-02-12,0.99990265,34.09999847
2018-02-21,0.99990722,35.77999878
2018-02-22,0.99990617,35.38000107
2018-02-23,0.99990858,36.31000137
2018-02-26,0.99990908,36.50999832
2018-02-27,0.99990920,36.56000137
2018-03-01,0.99990810,36.11999893
2018-03-02,0.99990662,35.54999924
2018-03-05,0.99990567,35.18999863
2018-03-06,0.99990855,36.29999924
2018-03-07,0.99990758,35.91999817
2018-03-08,0.99990979,36.79999924
2018-03-09,0.99991016,36.95000076
2018-03-12,0.99991283,38.08000183
2018-03-13,0.00000000,38.65999985
2018-03-14,0.00000000,38.06000137
2018-03-15,0.00000000,38.13000107
2018-03-16,0.00000000,37.79999924
2018-03-19,0.00000000,37.86999893
2018-03-20,0.00000000,37.79000092
2018-03-21,0.00000000,37.91999817
2018-03-22,0.00000000,37.70000076
2018-03-23,0.00000000,36.15000153
2018-03-26,0.00000000,36.61000061
2018-03-27,0.00000000,37.61000061
2018-03-28,0.00000000,36.50000000
2018-03-29,0.00000000,36.52999878
2018-03-30,0.00000000,37.11000061
2018-04-02,0.00000000,36.70999908
2018-04-03,0.00000000,36.25000000
2018-04-09,0.00000000,36.81999969
2018-04-10,0.00000000,37.15000153
2018-04-11,0.00000000,37.38999939
2018-04-12,0.00000000,37.09999847
2018-04-13,0.00000000,37.15000153
2018-04-16,0.00000000,37.00999832
2018-04-17,0.00000000,36.15000153
2018-04-18,0.00000000,36.43000031
2018-04-19,0.00000000,37.36000061
2018-04-20,0.00000000,35.84999847
2018-04-23,0.00000000,35.31999969
2018-04-24,0.00000000,34.81999969
2018-04-25,0.00000000,34.40999985
2018-04-26,0.00000000,33.97999954
2018-04-27,0.00000000,34.34000015
2018-04-30,0.00000000,35.11999893
2018-05-02,0.00000000,34.81999969
2018-05-03,0.00000000,34.04000092
2018-05-04,0.00000000,34.20000076
2018-05-07,0.00000000,34.72000122
2018-05-08,0.00000000,35.06000137
2018-05-09,0.00000000,35.29000092
2018-05-10,0.00000000,35.63999939
2018-05-11,0.00000000,36.27000046
2018-05-14,0.00000000,36.97000122
2018-05-15,0.00000000,36.43999863
2018-05-16,0.99997904,36.43999863
2018-05-17,0.99997890,36.20000076
2018-05-18,0.99997880,36.02999878
2018-05-21,0.99997938,37.04000092
2018-05-22,0.99997922,36.75000000
2018-05-23,0.99997903,36.41999817
2018-05-24,0.99997917,36.65999985
2018-05-25,0.99997927,36.84999847
2018-05-28,0.99997944,37.13999939
2018-05-29,0.99997924,36.79000092
2018-05-30,0.99997865,35.77000046
2018-05-31,0.99997887,36.13999939
2018-06-01,0.99997913,36.59000015
2018-06-04,0.99997980,37.79999924
2018-06-05,0.99997972,37.65999985
2018-06-06,0.99998015,38.47999954
2018-06-07,0.99998020,38.58000183
2018-06-08,0.99997983,37.86000061
2018-06-11,0.99997991,38.00999832
2018-06-12,0.99997984,37.88000107
2018-06-13,0.99997996,38.11000061
2018-06-14,0.99997943,37.13000107
2018-06-15,0.99997958,37.40999985
2018-06-19,0.99997894,36.25999832
2018-06-20,0.99997925,36.81000137
2018-06-21,0.99997915,36.63000107
2018-06-22,0.99997906,36.47999954
2018-06-25,0.99997889,36.18000031
2018-06-26,0.99997882,36.06000137
2018-06-27,0.99997867,35.79999924
2018-06-28,0.99997859,35.66999817
2018-06-29,0.99997921,36.74000168
2018-07-02,0.99997900,36.36999893
2018-07-03,0.99997890,36.20000076
2018-07-04,0.99997907,36.49000168
2018-07-05,0.99997865,35.77000046
2018-07-06,0.99997881,36.04000092
2018-07-09,0.99997929,36.86999893
2018-07-10,0.99997945,37.15999985
2018-07-11,0.99997908,36.50999832
2018-07-12,0.99997958,37.40999985
2018-07-13,0.99997990,38.00000000
2018-07-16,0.99997978,37.77999878
2018-07-17,0.99997959,37.41999817
2018-07-18,0.99997982,37.84000015
2018-07-19,0.99997988,37.95000076
2018-07-20,0.99998026,38.68999863
2018-07-23,0.99998048,39.11999893
2018-07-24,0.99998059,39.34999847
2018-07-25,0.99998057,39.31000137
2018-07-26,0.99998072,39.61999893
2018-07-27,0.99998100,40.20000076
2018-07-30,0.99998092,40.02000046
2018-07-31,0.99998099,40.18000031
2018-08-01,0.99998121,40.65000153
2018-08-02,0.99998061,39.38000107
2018-08-03,0.99998095,40.09999847
2018-08-06,0.99998100,40.18999863
2018-08-07,0.99998093,40.04000092
2018-08-08,0.99998123,40.68999863
2018-08-09,0.99998115,40.50999832
2018-08-10,0.99998097,40.13000107
2018-08-13,0.99998022,38.61999893
2018-08-14,0.99998043,39.02000046
2018-08-15,0.99998007,38.33000183
2018-08-16,0.99998015,38.47999954
2018-08-17,0.99998003,38.25000000
2018-08-20,0.99998016,38.49000168
2018-08-21,0.99998046,39.08000183
2018-08-22,0.99998048,39.11999893
2018-08-23,0.99998066,39.50000000
2018-08-24,0.99998055,39.27000046
2018-08-27,0.99998085,39.88999939
2018-08-28,0.99998107,40.34999847
2018-08-29,0.99998144,41.13999939
2018-08-30,0.99998148,41.22999954
2018-08-31,0.99998131,40.86000061
2018-09-03,0.99998107,40.34000015
2018-09-04,0.99998131,40.86000061
2018-09-05,0.99998123,40.68999863
2018-09-06,0.99998104,40.27999878
2018-09-07,0.99998088,39.95000076
2018-09-10,0.00000000,39.43999863
2018-09-11,0.00000000,39.49000168
2018-09-12,0.00000000,39.41999817
2018-09-13,0.00000000,39.20000076
2018-09-14,0.00000000,40.59000015
2018-09-17,0.00000000,39.91999817
2018-09-18,0.00000000,39.56000137
2018-09-19,0.00000000,40.22000122
2018-09-20,0.00000000,40.00000000
2018-09-21,0.00000000,40.66999817
2018-09-25,0.00000000,40.83000183
2018-09-26,0.00000000,40.77000046
2018-09-27,0.00000000,40.97000122
2018-09-28,0.00000000,40.70000076
2018-10-01,0.00000000,41.11000061
2018-10-02,0.00000000,40.02000046
2018-10-03,0.00000000,40.00999832
2018-10-04,0.00000000,38.88999939
2018-10-05,0.00000000,37.77000046
2018-10-08,0.00000000,37.29999924
2018-10-09,0.00000000,37.40000153
2018-10-11,0.00000000,31.64999962
2018-10-12,0.00000000,33.77999878
2018-10-15,0.00000000,32.91999817
2018-10-16,0.00000000,33.40000153
2018-10-17,0.00000000,33.43000031
2018-10-18,0.00000000,33.22000122
2018-10-19,0.00000000,33.34000015
2018-10-22,0.00000000,33.45999908
2018-10-23,0.00000000,32.13999939
2018-10-24,0.00000000,32.00000000
2018-10-25,0.00000000,30.34000015
2018-10-26,0.99983373,30.17000008
2018-10-29,0.99983537,30.46999931
2018-10-30,0.99983687,30.75000000
2018-10-31,0.99984275,31.89999962
2018-11-01,0.99984560,32.49000168
2018-11-02,0.99984720,32.83000183
2018-11-05,0.99984537,32.43999863
2018-11-06,0.99984378,32.11000061
2018-11-07,0.99984716,32.81999969
2018-11-08,0.99984826,33.06000137
2018-11-09,0.99984431,32.22000122
2018-11-12,0.99984537,32.43999863
2018-11-13,0.99984314,31.97999954
2018-11-14,0.99984363,32.08000183
2018-11-15,0.99984517,32.40000153
2018-11-16,0.99984387,32.13000107
2018-11-19,0.99984436,32.22999954
2018-11-20,0.99984201,31.75000000
2018-11-21,0.99984215,31.78000069
2018-11-22,0.99984121,31.59000015
2018-11-23,0.99983922,31.20000076
2018-11-26,0.99984285,31.92000008
2018-11-27,0.99984270,31.88999939
2018-11-28,0.99984612,32.59999847
2018-11-29,0.99984631,32.63999939
2018-11-30,0.99984589,32.54999924
2018-12-03,0.99985409,34.38000107
2018-12-04,0.99985145,33.77000046
2018-12-05,0.99984664,32.70999908
2018-12-06,0.99983901,31.15999985
2018-12-07,0.99984196,31.73999977
2018-12-10,0.99983771,30.90999985
2018-12-11,0.99984014,31.37999916
2018-12-12,0.99984387,32.13000107
2018-12-13,0.99984460,32.27999878
2018-12-14,0.99984116,31.57999992
2018-12-17,0.99984344,32.04000092
2018-12-18,0.99984126,31.60000038
2018-12-19,0.99984265,31.87999916
2018-12-20,0.99983938,31.22999954
2018-12-21,0.99983984,31.31999969
2018-12-24,0.99983896,31.14999962
2018-12-25,0.99983379,30.18000031
2018-12-26,0.99983257,29.95999908
2018-12-27,0.99983870,31.10000038
2018-12-28,0.99983994,31.34000015
2019-01-02,0.99983537,30.46999931
2019-01-03,0.99983301,30.04000092
2019-01-04,0.99982920,29.37000084
2019-01-07,0.99983644,30.67000008
2019-01-08,0.99983602,30.59000015
2019-01-09,0.99984105,31.55999947
2019-01-10,0.99984019,31.38999939
2019-01-11,0.99984176,31.70000076
2019-01-14,0.99983979,31.30999947
2019-01-15,0.99984334,32.02000046
2019-01-16,0.99984270,31.88999939
2019-01-17,0.99984285,31.92000008
2019-01-18,0.99984460,32.27999878
2019-01-21,0.99984631,32.63999939
2019-01-22,0.99984551,32.47000122
2019-01-23,0.99984460,32.27999878
2019-01-24,0.99984579,32.52999878
2019-01-25,0.99984927,33.27999878
2019-01-28,0.99985021,33.49000168
2019-01-29,0.99984753,32.90000153
2019-01-30,0.99984753,32.90000153
2019-02-11,0.99985035,33.52000046
2019-02-12,0.99985229,33.95999908
2019-02-13,0.99985229,33.95999908
2019-02-14,0.99985189,33.86999893
2019-02-15,0.99985070,33.59999847
2019-02-18,0.99985375,34.29999924
2019-02-19,0.99985358,34.25999832
2019-02-20,0.99985655,34.97000122
2019-02-21,0.99985865,35.49000168
2019-02-22,0.99985801,35.33000183
2019-02-25,0.99986031,35.90999985
2019-02-26,0.99986019,35.88000107
2019-02-27,0.99985988,35.79999924
2019-03-04,0.99985845,35.43999863
2019-03-05,0.99985745,35.18999863
2019-03-06,0.99985837,35.41999817
2019-03-07,0.99985708,35.09999847
2019-03-08,0.99985523,34.65000153
2019-03-11,0.99985585,34.79999924
2019-03-12,0.99985948,35.70000076
2019-03-13,0.99985933,35.65999985
2019-03-14,0.99985897,35.56999969
2019-03-15,0.99986104,36.09999847
2019-03-18,0.99986256,36.50000000
2019-03-19,0.99986331,36.70000076
2019-03-20,0.99986350,36.75000000
2019-03-21,0.99986580,37.38000107
2019-03-22,0.99986630,37.52000046
2019-03-25,0.99986226,36.41999817
2019-03-26,0.99986416,36.93000031
2019-03-27,0.99986398,36.88000107
2019-03-28,0.99986342,36.72999954
2019-03-29,0.99986562,37.33000183
2019-04-01,0.99986736,37.81999969
2019-04-02,0.99986851,38.15000153
2019-04-03,0.99986847,38.13999939
2019-04-08,0.99987071,38.79999924
2019-04-09,0.99987219,39.25000000
2019-04-10,0.99987274,39.41999817
2019-04-11,0.99987141,39.00999832
2019-04-12,0.99987134,38.99000168
2019-04-15,0.99987364,39.70000076
2019-04-16,0.99987424,39.88999939
2019-04-17,0.99987607,40.47999954
2019-04-18,0.99987540,40.25999832
2019-04-19,0.99987571,40.36000061
2019-04-22,0.99987598,40.45000076
2019-04-23,0.99987680,40.72000122
2019-04-24,0.99987677,40.70999908
2019-04-25,0.99987747,40.93999863
2019-04-26,0.99987484,40.08000183
2019-04-29,0.99987534,40.24000168
2019-04-30,0.99987577,40.38000107
2019-05-02,0.99987626,40.54000092
2019-05-03,0.99987877,41.38000107
2019-05-06,0.99987380,39.75000000
2019-05-07,0.99987632,40.56000137
2019-05-08,0.99987490,40.09999847
2019-05-09,0.99987111,38.91999817
2019-05-10,0.99987074,38.81000137
2019-05-13,0.99986711,37.75000000
2019-05-14,0.99986601,37.43999863
2019-05-15,0.99986697,37.70999908
2019-05-16,0.99986442,37.00000000
2019-05-17,0.99986226,36.41999817
2019-05-20,0.99986238,36.45000076
2019-05-21,0.99986346,36.74000168
2019-05-22,0.99986331,36.70000076
2019-05-23,0.99985869,35.50000000
2019-05-24,0.99985913,35.61000061
2019-05-27,0.99985901,35.58000183
2019-05-28,0.99985889,35.54999924
2019-05-29,0.99985769,35.25000000
2019-05-30,0.99985984,35.79000092
2019-05-31,0.99986253,36.49000168
2019-06-03,0.99986298,36.61000061
2019-06-04,0.99986158,36.24000168
2019-06-05,0.99986238,36.45000076
2019-06-06,0.99986007,35.84999847
2019-06-10,0.99986479,37.09999847
2019-06-11,0.99986598,37.43000031
2019-06-12,0.99986605,37.45000076
2019-06-13,0.99986420,36.93999863
2019-06-14,0.99986427,36.95999908
2019-06-17,0.99986449,37.02000046
2019-06-18,0.99986431,36.97000122
2019-06-19,0.99987024,38.65999985
2019-06-20,0.99987074,38.81000137
2019-06-21,0.99987054,38.75000000
2019-06-24,0.99987157,39.06000137
2019-06-25,0.99986974,38.50999832
2019-06-26,0.99986882,38.24000168
2019-06-27,0.99987167,39.09000015
2019-06-28,0.99987054,38.75000000
2019-07-01,0.99987540,40.25999832
2019-07-02,0.99987490,40.09999847
2019-07-03,0.99987248,39.34000015
2019-07-04,0.99987348,39.65000153
2019-07-05,0.99987380,39.75000000
2019-07-08,0.99987242,39.31999969
2019-07-09,0.99987216,39.24000168
2019-07-10,0.99987437,39.93000031
2019-07-11,0.99987611,40.49000168
2019-07-12,0.99987592,40.43000031
2019-07-15,0.99987696,40.77000046
2019-07-16,0.99987747,40.93999863
2019-07-17,0.99987601,40.45999908
2019-07-18,0.99987586,40.40999985
2019-07-19,0.99987794,41.09999847
2019-07-22,0.99987909,41.49000168
2019-07-23,0.99987924,41.54000092
2019-07-24,0.99987929,41.56000137
2019-07-25,0.99987990,41.77000046
2019-07-26,0.99987883,41.40000153
2019-07-29,0.99987912,41.50000000
2019-07-30,0.99987851,41.29000092
2019-07-31,0.99987735,40.90000153
2019-08-01,0.99987568,40.34999847
2019-08-02,0.99987180,39.13000107
2019-08-05,0.99986936,38.40000153
2019-08-06,0.99986916,38.34000015
2019-08-07,0.99986827,38.08000183
2019-08-08,0.99987117,38.93999863
2019-08-12,0.99987114,38.93000031
2019-08-13,0.99986864,38.18999863
2019-08-14,0.99987038,38.70000076
2019-08-15,0.99986757,37.88000107
2019-08-16,0.99987004,38.59999847
2019-08-19,0.99987173,39.11000061
2019-08-20,0.99987235,39.29999924
2019-08-21,0.99987265,39.38999939
2019-08-22,0.99987216,39.24000168
2019-08-23,0.99987252,39.34999847
2019-08-26,0.99986840,38.11999893
2019-08-27,0.99986912,38.33000183
2019-08-28,0.99987068,38.79000092
2019-08-29,0.99987101,38.88999939
2019-08-30,0.99987446,39.95999908
2019-09-02,0.99987534,40.24000168
2019-09-03,0.99987370,39.72000122
2019-09-04,0.99987598,40.45000076
2019-09-05,0.99987803,41.13000107
2019-09-06,0.99987903,41.47000122
2019-09-10,0.99987859,41.31999969
2019-09-11,0.99987906,41.47999954
2019-09-12,0.99988033,41.91999817
2019-09-16,0.99988124,42.24000168
2019-09-17,0.99988121,42.22999954
2019-09-18,0.99988254,42.70999908
2019-09-19,0.99988174,42.41999817
2019-09-20,0.99988246,42.68000031
2019-09-23,0.99988216,42.56999969
2019-09-24,0.99988249,42.68999863
2019-09-25,0.99988090,42.11999893
2019-09-26,0.99988098,42.15000153
2019-09-27,0.99988107,42.18000031
2019-10-01,0.99988470,43.50999832
2019-10-02,0.99988404,43.25999832
2019-10-03,0.99988230,42.61999893
2019-10-04,0.99988279,42.79999924
2019-10-07,0.99988353,43.06999969
2019-10-08,0.99988570,43.88999939
2019-10-09,0.99988366,43.11999893
2019-10-14,0.99988745,44.56999969
2019-10-15,0.99988815,44.84999847
2019-10-16,0.99988899,45.18999863
2019-10-17,0.99988953,45.40999985
2019-10-18,0.99988933,45.33000183
2019-10-21,0.99988943,45.36999893
2019-10-22,0.99989111,46.06999969
2019-10-23,0.99989047,45.79999924
2019-10-24,0.99989139,46.18999863
2019-10-25,0.99989149,46.22999954
2019-10-28,0.99989235,46.59999847
2019-10-29,0.99989262,46.72000122
2019-10-30,0.99989297,46.86999893
2019-10-31,0.99989345,47.08000183
2019-11-01,0.99989392,47.29000092
2019-11-04,0.99989775,49.06000137
2019-11-05,0.99989918,49.75999832
2019-11-06,0.99989977,50.04999924
2019-11-07,0.99989880,49.56999969
2019-11-08,0.99989839,49.36999893
2019-11-11,0.99989570,48.09999847
2019-11-12,0.99989716,48.77999878
2019-11-13,0.99989607,48.27000046
2019-11-14,0.99989612,48.29000092
2019-11-15,0.99989762,49.00000000
2019-11-18,0.99989876,49.54999924
2019-11-19,0.99990017,50.25000000
2019-11-20,0.99989916,49.75000000
2019-11-21,0.99989816,49.25999832
2019-11-22,0.99989818,49.27000046
2019-11-25,0.99989833,49.34000015
2019-11-26,0.99989916,49.75000000
2019-11-27,0.99989963,49.97999954
2019-11-28,0.99989922,49.77999878
2019-11-29,0.99989631,48.38000107
2019-12-02,0.99989699,48.70000076
2019-12-03,0.99989724,48.81999969
2019-12-04,0.99989680,48.61000061
2019-12-05,0.99989890,49.61999893
2019-12-06,0.99989910,49.72000122
2019-12-09,0.99990037,50.34999847
2019-12-10,0.99989933,49.83000183
2019-12-11,0.99990066,50.50000000
2019-12-12,0.99990408,52.29999924
2019-12-13,0.99990579,53.25000000
2019-12-16,0.99990570,53.20000076
2019-12-17,0.99990804,54.54999924
2019-12-18,0.99990820,54.65000153
2019-12-19,0.99990693,53.90000153
2019-12-20,0.99990632,53.54999924
2019-12-23,0.99990649,53.65000153
2019-12-24,0.99990649,53.65000153
2019-12-25,0.99990684,53.84999847
2019-12-26,0.99990658,53.70000076
2019-12-27,0.99990804,54.54999924
2019-12-30,0.99990744,54.20000076
2019-12-31,0.99990632,53.54999924
2020-01-02,0.99990778,54.40000153
2020-01-03,0.99990744,54.20000076
2020-01-06,0.99990561,53.15000153
2020-01-07,0.99990426,52.40000153
2020-01-08,0.99990334,51.90000153
2020-01-09,0.99990606,53.40000153
2020-01-10,0.99990658,53.70000076
2020-01-13,0.99990804,54.54999924
2020-01-14,0.99990904,55.15000153
2020-01-15,0.99990761,54.29999924
2020-01-16,0.99990736,54.15000153
2020-01-17,0.99990744,54.20000076
2020-01-20,0.99990812,54.59999847
2020-01-30,0.99989603,48.25000000
2020-01-31,0.99989735,48.86999893
2020-02-03,0.99989529,47.90999985
2020-02-04,0.99989841,49.38000107
2020-02-05,0.99989865,49.50000000
2020-02-06,0.99990183,51.09999847
2020-02-07,0.99989941,49.86999893
2020-02-10,0.99989916,49.75000000
2020-02-11,0.99990096,50.65000153
2020-02-12,0.99990250,51.45000076
2020-02-13,0.99990250,51.45000076
2020-02-14,0.99990325,51.84999847
2020-02-17,0.99990250,51.45000076
2020-02-18,0.99989997,50.15000153
2020-02-19,0.99990231,51.34999847
2020-02-20,0.99990144,50.90000153
2020-02-21,0.99990086,50.59999847
2020-02-24,0.99989806,49.20999908
2020-02-25,0.99989857,49.45999908
2020-02-26,0.00000000,48.54000092
2020-02-27,0.00000000,47.25999832
2020-03-02,0.00000000,46.38000107
2020-03-03,0.00000000,47.49000168
2020-03-04,0.00000000,47.79999924
2020-03-05,0.00000000,48.91999817
2020-03-06,0.00000000,47.13999939
2020-03-09,0.00000000,44.36999893
2020-03-10,0.00000000,44.72000122
2020-03-11,0.00000000,43.41999817
2020-03-12,0.00000000,39.43000031
2020-03-13,0.00000000,37.63999939
2020-03-16,0.00000000,34.63000107
2020-03-17,0.00000000,32.88000107
2020-03-18,0.00000000,30.65999985
2020-03-19,0.00000000,26.39999962
2020-03-20,0.00000000,30.45000076
2020-03-23,0.00000000,28.25000000
2020-03-24,0.00000000,31.39999962
2020-03-25,0.00000000,33.40999985
2020-03-26,0.00000000,34.29999924
2020-03-27,0.00000000,33.99000168
2020-03-30,0.00000000,33.70000076
2020-03-31,0.00000000,33.93999863
2020-04-01,0.00000000,33.97000122
2020-04-06,0.99999350,35.31000137
2020-04-07,0.99999374,36.63999939
2020-04-08,0.99999394,37.83000183
2020-04-09,0.99999387,37.43000031
2020-04-10,0.99999393,37.75999832
2020-04-13,0.99999385,37.27000046
2020-04-14,0.99999420,39.52999878
2020-04-15,0.99999425,39.86999893
2020-04-16,0.99999423,39.75999832
2020-04-17,0.99999448,41.54999924
2020-04-20,0.99999444,41.27999878
2020-04-21,0.99999409,38.79999924
2020-04-22,0.99999413,39.06999969
2020-04-23,0.99999422,39.65999985
2020-04-24,0.99999418,39.43000031
2020-04-27,0.99999448,41.56999969
2020-04-28,0.99999452,41.81999969
2020-04-29,0.99999466,42.95999908
2020-04-30,0.99999487,44.68999863
2020-05-04,0.99999456,42.18000031
2020-05-05,0.99999463,42.74000168
2020-05-06,0.99999464,42.81999969
2020-05-07,0.99999474,43.61999893
2020-05-08,0.99999479,44.00000000
2020-05-11,0.99999489,44.86999893
2020-05-12,0.99999476,43.79000092
2020-05-13,0.99999481,44.20000076
2020-05-14,0.99999465,42.84999847
2020-05-15,0.99999471,43.36000061
2020-05-18,0.99999465,42.88999939
2020-05-19,0.99999477,43.81999969
2020-05-20,0.99999479,44.00000000
2020-05-21,0.99999489,44.90000153
2020-05-22,0.99999467,43.02000046
2020-05-25,0.99999477,43.84999847
2020-05-26,0.99999491,45.04000092
2020-05-27,0.99999489,44.86999893
2020-05-28,0.99999482,44.31000137
2020-05-29,0.99999487,44.66999817
2020-06-01,0.99999497,45.56000137
2020-06-02,0.99999501,45.95000076
2020-06-03,0.99999517,47.50999832
2020-06-04,0.99999524,48.15000153
2020-06-05,0.99999532,49.04999924
2020-06-08,0.99999541,49.95000076
2020-06-09,0.99999544,50.25000000
2020-06-10,0.99999552,51.15000153
2020-06-11,0.99999534,49.20000076
2020-06-12,0.99999527,48.49000168
2020-06-15,0.99999514,47.22999954
2020-06-16,0.99999537,49.52000046
2020-06-17,0.99999538,49.59999847
2020-06-18,0.99999541,49.91999817
2020-06-19,0.99999541,50.00000000
2020-06-22,0.99999543,50.15000153
2020-06-23,0.99999546,50.50000000
2020-06-24,0.99999551,51.04999924
2020-06-29,0.99999539,49.70999908
2020-06-30,0.99999548,50.79999924
2020-07-01,0.99999555,51.50000000
2020-07-02,0.99999565,52.75000000
2020-07-03,0.99999574,53.90000153
2020-07-06,0.99999590,55.95000076
2020-07-07,0.99999590,55.95000076
2020-07-08,0.99999595,56.70000076
2020-07-09,0.99999598,57.00000000
2020-07-10,0.99999588,55.70000076
2020-07-13,0.99999601,57.50000000
2020-07-14,0.99999601,57.45000076
2020-07-15,0.99999604,57.90000153
2020-07-16,0.99999598,57.04999924
2020-07-17,0.99999603,57.75000000
2020-07-20,0.99999603,57.75000000
2020-07-21,0.99999620,60.29999924
2020-07-22,0.99999622,60.59999847
2020-07-23,0.99999620,60.40000153
2020-07-24,0.99999613,59.25000000
2020-07-27,0.99999637,63.09999847
2020-07-28,0.99999634,62.75000000
2020-07-29,0.99999632,62.40000153
2020-07-30,0.99999641,63.95000076
2020-07-31,0.99999641,63.95000076
2020-08-03,0.99999631,62.09999847
2020-08-04,0.99999642,64.00000000
2020-08-05,0.99999648,65.09999847
2020-08-06,0.99999654,66.25000000
2020-08-07,0.99999649,65.40000153
2020-08-10,0.99999655,66.55000305
2020-08-11,0.99999649,65.34999847
2020-08-12,0.99999641,63.95000076
2020-08-13,0.99999648,65.09999847
2020-08-14,0.99999650,65.55000305
2020-08-17,0.99999659,67.25000000
2020-08-18,0.99999655,66.40000153
2020-08-19,0.99999650,65.50000000
2020-08-20,0.99999622,60.70000076
2020-08-21,0.99999638,63.40000153
2020-08-24,0.99999640,63.79999924
2020-08-25,0.99999648,65.09999847
2020-08-26,0.99999651,65.65000153
2020-08-27,0.99999650,65.44999695
2020-08-28,0.99999644,64.50000000
2020-08-31,0.99999637,63.20000076
2020-09-01,0.99999645,64.59999847
2020-09-02,0.99999645,64.59999847
2020-09-03,0.99999647,65.00000000
2020-09-04,0.99999640,63.79999924
2020-09-07,0.99999639,63.45000076
2020-09-08,0.99999643,64.25000000
2020-09-09,0.99999640,63.65000153
2020-09-10,0.99999644,64.40000153
2020-09-11,0.99999644,64.40000153
2020-09-14,0.99999656,66.59999847
2020-09-15,0.99999655,66.55000305
2020-09-16,0.99999662,67.90000153
2020-09-17,0.99999655,66.50000000
2020-09-18,0.99999656,66.75000000
2020-09-21,0.99999649,65.40000153
2020-09-22,0.99999638,63.40000153
2020-09-23,0.99999640,63.75000000
2020-09-24,0.99999619,60.15000153
2020-09-25,0.99999621,60.50000000
2020-09-28,0.99999634,62.59999847
2020-09-29,0.99999634,62.65000153
2020-09-30,0.99999638,63.29999924
2020-10-05,0.99999640,63.70000076
2020-10-06,0.99999648,65.09999847
2020-10-07,0.99999651,65.80000305
2020-10-08,0.99999658,67.15000153
2020-10-12,0.99999661,67.65000153
2020-10-13,0.99999662,67.84999847
2020-10-14,0.99999659,67.30000305
2020-10-15,0.99999656,66.59999847
2020-10-16,0.99999651,65.65000153
2020-10-19,0.99999660,67.55000305
2020-10-20,0.99999657,66.90000153
2020-10-21,0.99999659,67.19999695
2020-10-22,0.99999660,67.44999695
2020-10-23,0.99999660,67.50000000
2020-10-26,0.99999661,67.69999695
2020-10-27,0.99999659,67.19999695
2020-10-28,0.99999653,66.15000153
2020-10-29,0.99999647,64.90000153
2020-10-30,0.99999639,63.50000000
2020-11-02,0.99999642,64.00000000
2020-11-03,0.99999652,65.90000153
2020-11-04,0.99999664,68.19999695
2020-11-05,0.99999663,68.09999847
2020-11-06,0.99999665,68.55000305
2020-11-09,0.99999675,70.59999847
2020-11-10,0.99999672,69.94999695
2020-11-11,0.99999681,72.00000000
2020-11-12,0.99999679,71.40000153
2020-11-13,0.99999681,72.00000000
2020-11-16,0.99999699,76.30000305
2020-11-17,0.99999699,76.09999847
2020-11-18,0.99999704,77.59999847
2020-11-19,0.99999704,77.55000305
2020-11-20,0.99999704,77.50000000
2020-11-23,0.99999711,79.34999847
2020-11-24,0.99999708,78.50000000
2020-11-25,0.99999703,77.15000153
2020-11-26,0.99999710,79.00000000
2020-11-27,0.99999711,79.25000000
2020-11-30,0.99999703,77.30000305
2020-12-01,0.99999710,79.19999695
2020-12-02,0.99999714,80.25000000
2020-12-03,0.99999715,80.34999847
2020-12-04,0.99999722,82.50000000
2020-12-07,0.99999724,83.25000000
2020-12-08,0.99999730,85.05000305
2020-12-09,0.99999732,85.59999847
2020-12-10,0.99999726,83.65000153
2020-12-11,0.99999726,83.65000153
2020-12-14,0.99999725,83.50000000
2020-12-15,0.99999718,81.25000000
2020-12-16,0.99999728,84.19999695
2020-12-17,0.99999727,84.00000000
2020-12-18,0.99999726,83.59999847
2020-12-21,0.99999731,85.40000153
2020-12-22,0.99999723,82.94999695
2020-12-23,0.99999726,83.80000305
2020-12-24,0.99999729,84.75000000
2020-12-25,0.99999731,85.30000305
2020-12-28,0.99999737,87.15000153
2020-12-29,0.99999737,87.05000305
2020-12-30,0.99999744,89.44999695
2020-12-31,0.99999745,90.00000000
2021-01-04,0.99999753,92.84999847
2021-01-05,0.99999755,93.44999695
2021-01-06,0.99999754,93.34999847
2021-01-07,0.99999765,97.44999695
2021-01-08,0.99999771,100.34999847
2021-01-11,0.99999774,101.34999847
2021-01-12,0.99999772,100.75000000
2021-01-13,0.99999781,104.94999695
2021-01-14,0.99999779,104.00000000
2021-01-15,0.99999777,103.00000000
2021-01-18,0.99999776,102.40000153
2021-01-19,0.99999786,107.30000305
2021-01-20,0.99999782,105.44999695
2021-01-21,0.99999794,111.15000153
2021-01-22,0.99999791,109.50000000
2021-01-25,0.99999788,108.00000000
2021-01-26,0.99999779,103.84999847
2021-01-27,0.99999781,104.50000000
2021-01-28,0.99999772,100.65000153
2021-01-29,0.99999764,97.09999847
2021-02-01,0.99999772,100.44999695
2021-02-02,0.99999782,105.30000305
2021-02-03,0.99999783,105.90000153
2021-02-04,0.99999780,104.40000153
2021-02-05,0.99999784,106.19999695
2021-02-17,0.99999800,114.40000153
2021-02-18,0.99999801,115.50000000
2021-02-19,0.99999799,113.94999695
2021-02-22,0.99999800,114.59999847
2021-02-23,0.99999801,115.34999847
2021-02-24,0.99999794,111.40000153
2021-02-25,0.99999799,114.25000000
2021-02-26,0.99999786,107.19999695
2021-03-02,0.99999786,107.25000000
2021-03-03,0.99999794,111.30000305
2021-03-04,0.99999787,107.50000000
2021-03-05,0.00000000,106.25000000
2021-03-08,0.00000000,105.94999695
2021-03-09,0.00000000,105.84999847
2021-03-10,0.00000000,106.50000000
2021-03-11,0.00000000,111.00000000
2021-03-12,0.00000000,111.50000000
2021-03-15,0.00000000,111.40000153
2021-03-16,0.00000000,112.50000000
2021-03-17,0.00000000,110.84999847
2021-03-18,0.00000000,112.50000000
2021-03-19,0.00000000,109.05000305
2021-03-22,0.00000000,110.84999847
2021-03-23,0.99997608,110.59999847
2021-03-24,0.99997560,108.44999695
2021-03-25,0.99997578,109.25000000
2021-03-26,0.99997651,112.65000153
2021-03-29,0.99997689,114.50000000
2021-03-30,0.99997719,116.00000000
2021-03-31,0.99997686,114.34999847
2021-04-01,0.99997719,116.00000000
2021-04-07,0.99997786,119.50000000
2021-04-08,0.99997819,121.30000305
2021-04-09,0.99997801,120.34999847
2021-04-12,0.99997794,119.94999695
2021-04-13,0.99997788,119.65000153
2021-04-14,0.99997797,120.09999847
2021-04-15,0.99997850,123.05000305
2021-04-16,0.99997869,124.15000153
2021-04-19,0.99997893,125.59999847
2021-04-20,0.99997902,126.15000153
2021-04-21,0.99997875,124.50000000
2021-04-22,0.99997860,123.65000153
2021-04-23,0.99997902,126.09999847
2021-04-26,0.99997967,130.14999390
2021-04-27,0.99997974,130.60000610
2021-04-28,0.99997965,130.00000000
2021-04-29,0.99997972,130.44999695
2021-05-03,0.99997892,125.50000000
2021-05-04,0.99997823,121.55000305
2021-05-05,0.99997783,119.34999847
2021-05-06,0.99997826,121.69999695
2021-05-07,0.99997907,126.44999695
2021-05-10,0.99997888,125.30000305
2021-05-11,0.99997705,115.30000305
2021-05-12,0.99997482,105.09999847
2021-05-13,0.99997421,102.59999847
2021-05-14,0.99997485,105.19999695
2021-05-17,0.99997330,99.09999847
2021-05-18,0.99997598,110.15000153
2021-05-19,0.99997582,109.44999695
2021-05-20,0.99997550,108.00000000
2021-05-21,0.99997631,111.69999695
2021-05-24,0.99997648,112.50000000
2021-05-25,0.99997728,116.44999695
2021-05-26,0.99997727,116.40000153
2021-05-27,0.99997713,115.69999695
2021-05-28,0.99997795,120.00000000
2021-05-31,0.99997831,122.00000000
2021-06-01,0.99997860,123.65000153
2021-06-02,0.99997849,123.00000000
2021-06-03,0.99997881,124.90000153
2021-06-04,0.99997857,123.44999695
2021-06-07,0.99997853,123.25000000
2021-06-08,0.99997836,122.30000305
2021-06-09,0.99997810,120.84999847
2021-06-10,0.99997869,124.15000153
2021-06-11,0.99997880,124.80000305
2021-06-15,0.99997919,127.15000153
2021-06-16,0.99997911,126.65000153
2021-06-17,0.99997920,127.19999695
2021-06-18,0.99997912,126.75000000
2021-06-21,0.99997832,122.05000305
2021-06-22,0.99997844,122.75000000
2021-06-23,0.99997916,126.94999695
2021-06-24,0.99997929,127.75000000
2021-06-25,0.99997943,128.64999390
2021-06-28,0.99997969,130.30000305
2021-06-29,0.99997966,130.10000610
2021-06-30,0.99998011,133.05000305
2021-07-01,0.99997990,131.64999390
2021-07-02,0.99997995,132.00000000
2021-07-05,0.99998053,135.89999390
2021-07-06,0.99998049,135.64999390
2021-07-07,0.99998023,133.85000610
2021-07-08,0.99998033,134.50000000
2021-07-09,0.99997988,131.50000000
2021-07-12,0.99998036,134.69999695
2021-07-13,0.99998038,134.85000610
2021-07-14,0.99998038,134.85000610
2021-07-15,0.99998080,137.85000610
2021-07-16,0.99998049,135.60000610
2021-07-19,0.99998019,133.60000610
2021-07-20,0.99997958,129.60000610
2021-07-21,0.99997945,128.75000000
2021-07-22,0.99997982,131.10000610
2021-07-23,0.99997983,131.19999695
2021-07-26,0.99997941,128.50000000
2021-07-27,0.99997931,127.90000153
2021-07-28,0.99997870,124.25000000
2021-07-29,0.99997961,129.80000305
2021-07-30,0.99997921,127.30000305
2021-08-02,0.99997990,131.64999390
2021-08-03,0.99998000,132.30000305
2021-08-04,0.99998022,133.75000000
2021-08-05,0.99998010,133.00000000
2021-08-06,0.99997994,131.89999390
2021-08-09,0.99997979,130.94999695
2021-08-10,0.99997952,129.19999695
2021-08-11,0.99997929,127.75000000
2021-08-12,0.99997925,127.50000000
2021-08-13,0.99997875,124.50000000
2021-08-16,0.99997845,122.80000305
2021-08-17,0.99997795,120.00000000
2021-08-18,0.99997844,122.75000000
2021-08-19,0.99997719,116.00000000
2021-08-20,0.99997709,115.50000000
2021-08-23,0.99997832,122.05000305
2021-08-24,0.99997853,123.25000000
2021-08-25,0.99997897,125.84999847
2021-08-26,0.99997906,126.34999847
2021-08-27,0.99997955,129.39999390
2021-08-30,0.99997992,131.80000305
2021-08-31,0.99998012,133.10000610
2021-09-01,0.99998021,133.69999695
2021-09-02,0.99997981,131.05000305
2021-09-03,0.99998038,134.89999390
2021-09-06,0.99998028,134.14999390
2021-09-07,0.99998014,133.25000000
2021-09-08,0.99997971,130.39999390
2021-09-09,0.99997975,130.64999390
2021-09-10,0.99998026,134.05000305
2021-09-13,0.99998013,133.19999695
2021-09-14,0.99998022,133.80000305
2021-09-15,0.99998002,132.44999695
2021-09-16,0.99997980,131.00000000
2021-09-17,0.99998001,132.35000610
2021-09-22,0.99997895,125.69999695
2021-09-23,0.99997938,128.30000305
2021-09-24,0.99997975,130.64999390
2021-09-27,0.99997985,131.30000305
2021-09-28,0.99997957,129.55000305
2021-09-29,0.99997867,124.05000305
2021-09-30,0.99997897,125.80000305
2021-10-01,0.99997788,119.59999847
2021-10-04,0.99997760,118.15000153
2021-10-05,0.99997761,118.19999695
2021-10-06,0.99997755,117.84999847
2021-10-07,0.99997848,122.94999695
2021-10-08,0.99997822,121.50000000
2021-10-12,0.99997768,118.55000305
2021-10-13,0.99997747,117.44999695
2021-10-14,0.99997764,118.34999847
2021-10-15,0.99997864,123.90000153
2021-10-18,0.99997848,122.94999695
2021-10-19,0.99997894,125.65000153
2021-10-20,0.99997892,125.50000000
2021-10-21,0.99997880,124.80000305
2021-10-22,0.99997888,125.30000305
2021-10-25,0.99997888,125.30000305
2021-10-26,0.99997925,127.55000305
2021-10-27,0.99997934,128.05000305
2021-10-28,0.99997923,127.40000153
2021-10-29,0.99997899,125.94999695
2021-11-01,0.99997931,127.90000153
2021-11-02,0.99997916,126.94999695
2021-11-03,0.99997934,128.05000305
2021-11-04,0.99997933,128.00000000
2021-11-05,0.99997976,130.75000000
2021-11-08,0.99998006,132.69999695
2021-11-09,0.99998043,135.19999695
2021-11-10,0.99998040,135.00000000
2021-11-11,0.99998016,133.35000610
2021-11-12,0.99998031,134.39999390
2021-11-15,0.99998064,136.64999390
2021-11-16,0.99998065,136.75000000
2021-11-17,0.99998080,137.85000610
2021-11-18,0.99998108,139.85000610
2021-11-19,0.99998105,139.60000610
2021-11-22,0.99998104,139.55000305
2021-11-23,0.99998064,136.64999390
2021-11-24,0.99998059,136.35000610
2021-11-25,0.99998059,136.35000610
2021-11-26,0.99997985,131.35000610
2021-11-29,0.99997982,131.10000610
2021-11-30,0.99997991,131.69999695
2021-12-01,0.99998046,135.39999390
2021-12-02,0.99998072,137.25000000
2021-12-03,0.99998077,137.60000610
2021-12-06,0.99998069,137.00000000
2021-12-07,0.99998085,138.14999390
2021-12-08,0.99998107,139.80000305
2021-12-09,0.99998108,139.85000610
2021-12-10,0.99998100,139.25000000
2021-12-13,0.99998089,138.50000000
2021-12-14,0.99998044,135.30000305
2021-12-15,0.99998051,135.80000305
2021-12-16,0.99998098,139.14999390
2021-12-17,0.99998094,138.80000305
2021-12-20,0.99998060,136.39999390
2021-12-21,0.99998102,139.44999695
2021-12-22,0.99998106,139.69999695
2021-12-23,0.99998127,141.25000000
2021-12-24,0.99998133,141.69999695
2021-12-27,0.99998157,143.60000610
2021-12-28,0.99998183,145.64999390
2021-12-29,0.99998197,146.75000000
2021-12-30,0.99998188,146.00000000
2022-01-03,0.99998194,146.55000305
2022-01-04,0.99998250,151.19999695
2022-01-05,0.99998241,150.39999390
2022-01-06,0.99998215,148.25000000
2022-01-07,0.99998178,145.25000000
2022-01-10,0.99998197,146.75000000
2022-01-11,0.00000000,146.94999695
2022-01-12,0.00000000,148.89999390
2022-01-13,0.00000000,150.14999390
2022-01-14,0.00000000,149.35000610
2022-01-17,0.00000000,151.94999695
2022-01-18,0.00000000,149.60000610
2022-01-19,0.00000000,146.35000610
2022-01-20,0.00000000,147.50000000
2022-01-21,0.00000000,141.44999695
2022-01-24,0.00000000,143.10000610
2022-01-25,0.00000000,138.14999390
2022-01-26,0.00000000,137.85000610
2022-02-07,0.00000000,141.50000000
2022-02-08,0.00000000,142.89999390
2022-02-09,0.00000000,145.60000610
2022-02-10,0.00000000,148.10000610
2022-02-11,0.00000000,147.55000305
2022-02-14,0.00000000,143.10000610
2022-02-15,0.00000000,142.05000305
2022-02-16,0.00000000,147.00000000
2022-02-17,0.00000000,147.35000610
2022-02-18,0.00000000,147.30000305
2022-02-21,0.00000000,146.94999695
2022-02-22,0.00000000,141.85000610
2022-02-23,0.00000000,143.75000000
2022-02-24,0.00000000,136.05000305
2022-02-25,0.00000000,136.44999695
2022-03-01,0.00000000,141.35000610
2022-03-02,0.00000000,140.44999695
2022-03-03,0.00000000,140.94999695
2022-03-04,0.00000000,137.94999695
2022-03-07,0.00000000,128.64999390
2022-03-08,0.00000000,123.00000000
2022-03-09,0.00000000,126.34999847
2022-03-10,0.00000000,133.10000610
2022-03-11,0.00000000,129.80000305
2022-03-14,0.00000000,130.14999390
2022-03-15,0.00000000,124.84999847
2022-03-16,0.00000000,125.90000153
2022-03-17,0.00000000,133.85000610
2022-03-18,0.00000000,132.85000610
2022-03-21,0.00000000,134.55000305
2022-03-22,0.99991527,135.05000305
2022-03-23,0.99991690,137.69999695
2022-03-24,0.99991672,137.39999390
2022-03-25,0.99991635,136.80000305
2022-03-28,0.99991479,134.30000305
2022-03-29,0.99991527,135.05000305
2022-03-30,0.99991705,137.94999695
2022-03-31,0.99991644,136.94999695
2022-04-01,0.99991542,135.30000305
2022-04-06,0.99991473,134.19999695
2022-04-07,0.99991129,129.00000000
2022-04-08,0.99991261,130.94999695
2022-04-11,0.99990954,126.50000000
2022-04-12,0.99990983,126.90000153
2022-04-13,0.99991275,131.14999390
2022-04-14,0.99991255,130.85000610
2022-04-15,0.00000000,126.30000305
2022-04-18,0.00000000,124.80000305
2022-04-19,0.00000000,126.69999695
2022-04-20,0.00000000,128.00000000
2022-04-21,0.00000000,128.85000610
2022-04-22,0.00000000,126.59999847
2022-04-25,0.00000000,120.44999695
2022-04-26,0.00000000,120.59999847
2022-04-27,0.00000000,116.34999847
2022-04-28,0.00000000,118.00000000
2022-04-29,0.00000000,120.50000000
2022-05-03,0.00000000,119.09999847
2022-05-04,0.00000000,119.65000153
2022-05-05,0.00000000,122.00000000
2022-05-06,0.00000000,117.30000305
2022-05-09,0.00000000,112.34999847
2022-05-10,0.00000000,112.55000305
2022-05-11,0.00000000,112.15000153
2022-05-12,0.00000000,106.84999847
2022-05-13,0.00000000,109.65000153
2022-05-16,0.00000000,110.65000153
2022-05-17,0.00000000,113.00000000
2022-05-18,0.00000000,115.30000305
2022-05-19,0.00000000,111.69999695
2022-05-20,0.00000000,113.94999695
2022-05-23,0.00000000,114.19999695
2022-05-24,0.00000000,111.30000305
2022-05-25,0.00000000,113.59999847
2022-05-26,0.00000000,111.30000305
2022-05-27,0.00000000,115.34999847
2022-05-30,0.00000000,120.50000000
2022-05-31,0.00000000,121.94999695
2022-06-01,0.00000000,121.19999695
2022-06-02,0.00000000,119.65000153
2022-06-06,0.00000000,120.80000305
2022-06-07,0.99992448,118.69999695
2022-06-08,0.99992607,121.25000000
2022-06-09,0.99992576,120.75000000
2022-06-10,0.99992451,118.75000000
2022-06-13,0.99992028,112.44999695
2022-06-14,0.99992011,112.19999695
2022-06-15,0.99991939,111.19999695
2022-06-16,0.99991810,109.44999695
2022-06-17,0.99991630,107.09999847
2022-06-20,0.99991347,103.59999847
2022-06-21,0.99991765,108.84999847
2022-06-22,0.99991372,103.90000153
2022-06-23,0.99991225,102.15000153
2022-06-24,0.99991381,104.00000000
2022-06-27,0.99991696,107.94999695
2022-06-28,0.99991543,106.00000000
2022-06-29,0.99991385,104.05000305
2022-06-30,0.99990886,98.34999847
2022-07-01,0.99990294,92.34999847
2022-07-04,0.99990203,91.50000000
2022-07-05,0.99990341,92.80000305
2022-07-06,0.99989866,88.44999695
2022-07-07,0.99990367,93.05000305
2022-07-08,0.99990544,94.80000305
2022-07-11,0.99990397,93.34999847
2022-07-12,0.99989871,88.50000000
2022-07-13,0.99990444,93.80000305
2022-07-14,0.99990589,95.25000000
2022-07-15,0.99990740,96.80000305
2022-07-18,0.99990881,98.30000305
2022-07-19,0.99990932,98.84999847
2022-07-20,0.99991036,100.00000000
2022-07-21,0.99991220,102.09999847
2022-07-22,0.99991238,102.30000305
2022-07-25,0.99991263,102.59999847
2022-07-26,0.99991125,101.00000000
2022-07-27,0.99991250,102.44999695
2022-07-28,0.99991267,102.65000153
2022-07-29,0.99991397,104.19999695
2022-08-01,0.99991377,103.94999695
2022-08-02,0.99991067,100.34999847
2022-08-03,0.99991125,101.00000000
2022-08-04,0.99991103,100.75000000
2022-08-05,0.99991543,106.00000000
2022-08-08,0.99991499,105.44999695
2022-08-09,0.99991523,105.75000000
2022-08-10,0.99991381,104.00000000
2022-08-11,0.99991685,107.80000305
2022-08-12,0.99991810,109.44999695
2022-08-15,0.99991935,111.15000153
2022-08-16,0.99991942,111.25000000
2022-08-17,0.99991953,111.40000153
2022-08-18,0.99991880,110.40000153
2022-08-19,0.99991910,110.80000305
2022-08-22,0.99991772,108.94999695
2022-08-23,0.99991559,106.19999695
2022-08-24,0.99991515,105.65000153
2022-08-25,0.99991685,107.80000305
2022-08-26,0.99991761,108.80000305
2022-08-29,0.99991305,103.09999847
2022-08-30,0.99991401,104.25000000
2022-08-31,0.99991515,105.65000153
2022-09-01,0.99991125,101.00000000
2022-09-02,0.99990982,99.40000153
2022-09-05,0.99990995,99.55000305
2022-09-06,0.99991027,99.90000153
2022-09-07,0.99990653,95.90000153
2022-09-08,0.99990862,98.09999847
2022-09-12,0.99991203,101.90000153
2022-09-13,0.99991284,102.84999847
2022-09-14,0.99990945,99.00000000
2022-09-15,0.99991005,99.65000153
2022-09-16,0.99990801,97.44999695
2022-09-19,0.99990711,96.50000000
2022-09-20,0.99990872,98.19999695
2022-09-21,0.99990730,96.69999695
2022-09-22,0.99990484,94.19999695
2022-09-23,0.99990330,92.69999695
2022-09-26,0.99989831,88.15000153
2022-09-27,0.99989894,88.69999695
2022-09-28,0.99989411,84.65000153
2022-09-29,0.99989460,85.05000305
2022-09-30,0.99989226,83.19999695
2022-10-03,0.99989001,81.50000000
2022-10-04,0.99989522,85.55000305
2022-10-05,0.99989848,88.30000305
2022-10-06,0.99989945,89.15000153
2022-10-07,0.99989679,86.84999847
2022-10-11,0.99988632,78.84999847
2022-10-12,0.99988596,78.59999847
2022-10-13,0.99988143,75.59999847
2022-10-14,0.99988788,79.94999695
2022-10-17,0.99988703,79.34999847
2022-10-18,0.99988675,79.15000153
2022-10-19,0.99988478,77.80000305
2022-10-20,0.99988313,76.69999695
2022-10-21,0.99988143,75.59999847
2022-10-24,0.99988244,76.25000000
2022-10-25,0.99987887,74.00000000
2022-10-26,0.99988016,74.80000305
2022-10-27,0.99988351,76.94999695
2022-10-28,0.99988032,74.90000153
2022-10-31,0.99988351,76.94999695
2022-11-01,0.99988537,78.19999695
2022-11-02,0.99988625,78.80000305
2022-11-03,0.99988411,77.34999847
2022-11-04,0.99988501,77.94999695
2022-11-07,0.99988837,80.30000305
2022-11-08,0.99988995,81.44999695
2022-11-09,0.99989479,85.19999695
2022-11-10,0.99989278,83.59999847
2022-11-11,0.99990112,90.65000153
2022-11-14,0.99990278,92.19999695
2022-11-15,0.99990830,97.75000000
2022-11-16,0.99990834,97.80000305
2022-11-17,0.99990867,98.15000153
2022-11-18,0.99990778,97.19999695
2022-11-21,0.99990735,96.75000000
2022-11-22,0.99990839,97.84999847
2022-11-23,0.99990973,99.30000305
2022-11-24,0.99991173,101.55000305
2022-11-25,0.99991107,100.80000305
2022-11-28,0.99990839,97.84999847
2022-11-29,0.99991032,99.94999695
2022-11-30,0.99991220,102.09999847
2022-12-01,0.99991410,104.34999847
2022-12-02,0.99991301,103.05000305
2022-12-05,0.99991343,103.55000305
2022-12-06,0.99991045,100.09999847
2022-12-07,0.99990955,99.09999847
2022-12-08,0.99990806,97.50000000
2022-12-09,0.99991036,100.00000000
2022-12-12,0.99990890,98.40000153
2022-12-13,0.99990820,97.65000153
2022-12-14,0.99991063,100.30000305
2022-12-15,0.99991072,100.40000153
2022-12-16,0.99990754,96.94999695
2022-12-19,0.99990667,96.05000305
2022-12-20,0.99990309,92.50000000
2022-12-21,0.99990382,93.19999695
2022-12-22,0.99990701,96.40000153
2022-12-23,0.99990433,93.69999695
2022-12-26,0.99990499,94.34999847
2022-12-27,0.99990569,95.05000305
2022-12-28,0.99990299,92.40000153
2022-12-29,0.99990225,91.69999695
2022-12-30,0.99990341,92.80000305
2023-01-03,0.99990469,94.05000305
2023-01-04,0.99990444,93.80000305
2023-01-05,0.99990514,94.50000000
2023-01-06,0.99990653,95.90000153
2023-01-09,0.99991142,101.19999695
2023-01-10,0.99991238,102.30000305
2023-01-11,0.99991186,101.69999695
2023-01-12,0.99991138,101.15000153
2023-01-13,0.99991263,102.59999847
2023-01-16,0.99991381,104.00000000
2023-01-17,0.99991381,104.00000000
2023-01-30,0.99991964,111.55000305
2023-01-31,0.99991799,109.30000305
2023-02-01,0.99991891,110.55000305
2023-02-02,0.99992109,113.59999847
2023-02-03,0.99992106,113.55000305
2023-02-06,0.99991902,110.69999695
2023-02-07,0.99991902,110.69999695
2023-02-08,0.99992113,113.65000153
2023-02-09,0.99992102,113.50000000
2023-02-10,0.99992078,113.15000153
2023-02-13,0.99992046,112.69999695
2023-02-14,0.99992171,114.50000000
2023-02-15,0.99991866,110.19999695
2023-02-16,0.99992064,112.94999695
2023-02-17,0.99991928,111.05000305
2023-02-20,0.99991996,112.00000000
2023-02-21,0.99992000,112.05000305
2023-02-22,0.99991836,109.80000305
2023-02-23,0.99992074,113.09999847
2023-02-24,0.99991986,111.84999847
2023-03-01,0.99992032,112.50000000
2023-03-02,0.99992025,112.40000153
2023-03-03,0.99992060,112.90000153
2023-03-06,0.99992236,115.44999695
2023-03-07,0.99992338,117.00000000
2023-03-08,0.99992249,115.65000153
2023-03-09,0.99992205,115.00000000
2023-03-10,0.99991924,111.00000000
2023-03-13,0.99991986,111.84999847
2023-03-14,0.99991795,109.25000000
2023-03-15,0.99991836,109.80000305
2023-03-16,0.99991692,107.90000153
2023-03-17,0.99991924,111.00000000
2023-03-20,0.99991862,110.15000153
2023-03-21,0.99991960,111.50000000
2023-03-22,0.99992229,115.34999847
2023-03-23,0.99992338,117.00000000
2023-03-24,0.99992423,118.30000305
2023-03-27,0.99992332,116.90000153
2023-03-28,0.99992171,114.50000000
2023-03-29,0.99992236,115.44999695
2023-03-30,0.99992325,116.80000305
2023-03-31,0.99992371,117.50000000
2023-04-06,0.99992272,116.00000000
2023-04-07,0.99992312,116.59999847
2023-04-10,0.99992361,117.34999847
2023-04-11,0.99992397,117.90000153
2023-04-12,0.99992397,117.90000153
2023-04-13,0.99992289,116.25000000
2023-04-14,0.99992432,118.44999695
2023-04-17,0.99992403,118.00000000
2023-04-18,0.99992348,117.15000153
2023-04-19,0.99992279,116.09999847
2023-04-20,0.99992205,115.00000000
2023-04-21,0.99992116,113.69999695
2023-04-24,0.99992123,113.80000305
2023-04-25,0.99991866,110.19999695
2023-04-26,0.99991858,110.09999847
2023-04-27,0.99991873,110.30000305
2023-04-28,0.99992057,112.84999847
2023-05-02,0.99992119,113.75000000
2023-05-03,0.99992043,112.65000153
2023-05-04,0.99992092,113.34999847
2023-05-05,0.99992116,113.69999695
2023-05-08,0.99992195,114.84999847
2023-05-09,0.99992222,115.25000000
2023-05-10,0.99992088,113.30000305
2023-05-11,0.99992007,112.15000153
2023-05-12,0.99992007,112.15000153
2023-05-15,0.99991986,111.84999847
2023-05-16,0.99992185,114.69999695
2023-05-17,0.99992416,118.19999695
2023-05-18,0.99992589,120.94999695
2023-05-19,0.99992652,122.00000000
2023-05-22,0.99992640,121.80000305
2023-05-23,0.99992658,122.09999847
2023-05-24,0.99992601,121.15000153
2023-05-25,0.99992727,123.25000000
2023-05-26,0.99992942,127.00000000
2023-05-29,0.99993056,129.10000610
2023-05-30,0.99993062,129.19999695
2023-05-31,0.99993010,128.25000000
2023-06-01,0.99992967,127.44999695
2023-06-02,0.99993147,130.80000305
2023-06-05,0.99993123,130.35000610
2023-06-06,0.99993162,131.10000610
2023-06-07,0.99993300,133.80000305
2023-06-08,0.99993147,130.80000305
2023-06-09,0.99993275,133.30000305
2023-06-12,0.99993348,134.75000000
2023-06-13,0.99993567,139.35000610
2023-06-14,0.99993560,139.19999695
2023-06-15,0.99993636,140.85000610
2023-06-16,0.99993590,139.85000610
2023-06-19,0.99993572,139.44999695
2023-06-20,0.99993525,138.44999695
2023-06-21,0.99993523,138.39999390
2023-06-26,0.99993418,136.19999695
2023-06-27,0.99993308,133.94999695
2023-06-28,0.99993325,134.30000305
2023-06-29,0.99993333,134.44999695
2023-06-30,0.99993372,135.25000000
2023-07-03,0.99993539,138.75000000
2023-07-04,0.99993592,139.89999390
2023-07-05,0.99993518,138.30000305
2023-07-06,0.99993278,133.35000610
2023-07-07,0.99993214,132.10000610
2023-07-10,0.99993188,131.60000610
2023-07-11,0.99993392,135.64999390
2023-07-12,0.99993428,136.39999390
2023-07-13,0.99993562,139.25000000
2023-07-14,0.99993705,142.39999390
2023-07-17,0.99993705,142.39999390
2023-07-18,0.99993656,141.30000305
2023-07-19,0.99993579,139.60000610
2023-07-20,0.99993613,140.35000610
2023-07-21,0.99993490,137.69999695
2023-07-24,0.99993511,138.14999390
2023-07-25,0.99993658,141.35000610
2023-07-26,0.99993611,140.30000305
2023-07-27,0.99993705,142.39999390
2023-07-28,0.99993709,142.50000000
2023-07-31,0.99993590,139.85000610
2023-08-01,0.99993665,141.50000000
2023-08-02,0.99993406,135.94999695
2023-08-04,0.99993397,135.75000000
2023-08-07,0.99993542,138.80000305
2023-08-08,0.99993406,135.94999695
2023-08-09,0.99993404,135.89999390
2023-08-10,0.99993242,132.64999390
2023-08-11,0.99993237,132.55000305
2023-08-14,0.99993005,128.14999390
2023-08-15,0.99993078,129.50000000
2023-08-16,0.99993043,128.85000610
2023-08-17,0.99993128,130.44999695
2023-08-18,0.99993005,128.14999390
2023-08-21,0.99992997,128.00000000
2023-08-22,0.99993056,129.10000610
2023-08-23,0.99993181,131.44999695
2023-08-24,0.99993345,134.69999695
2023-08-25,0.99993070,129.35000610
2023-08-28,0.99993126,130.39999390
2023-08-29,0.99993235,132.50000000
2023-08-30,0.99993308,133.94999695
2023-08-31,0.99993227,132.35000610
2023-09-01,0.99993263,133.05000305
2023-09-04,0.99993333,134.44999695
2023-09-05,0.99993338,134.55000305
2023-09-06,0.99993300,133.80000305
2023-09-07,0.99993181,131.44999695
2023-09-08,0.99993160,131.05000305
2023-09-11,0.99993046,128.89999390
2023-09-12,0.99993173,131.30000305
2023-09-13,0.99993193,131.69999695
2023-09-14,0.99993394,135.69999695
2023-09-15,0.99993445,136.75000000
2023-09-18,0.99993293,133.64999390
2023-09-19,0.99993219,132.19999695
2023-09-20,0.99993157,131.00000000
2023-09-21,0.99992936,126.90000153
2023-09-22,0.99992967,127.44999695
2023-09-25,0.99993075,129.44999695
2023-09-26,0.99992911,126.44999695
2023-09-27,0.99992936,126.90000153
2023-09-28,0.99992986,127.80000305
2023-10-02,0.99993160,131.05000305
2023-10-03,0.99993048,128.94999695
2023-10-04,0.99992891,126.09999847
2023-10-05,0.99993078,129.50000000
2023-10-06,0.99993123,130.35000610
2023-10-11,0.99993270,133.19999695
2023-10-12,0.99993375,135.30000305
2023-10-13,0.99993323,134.25000000
2023-10-16,0.99993224,132.30000305
2023-10-17,0.99993217,132.14999390
2023-10-18,0.99993072,129.39999390
2023-10-19,0.99993062,129.19999695
2023-10-20,0.99993035,128.69999695
2023-10-23,0.99992886,126.00000000
2023-10-24,0.99992955,127.25000000
2023-10-25,0.99992994,127.94999695
2023-10-26,0.99992697,122.75000000
2023-10-27,0.99992777,124.09999847
2023-10-30,0.99992771,124.00000000
2023-10-31,0.99992640,121.80000305
2023-11-01,0.99992706,122.90000153
2023-11-02,0.99992989,127.84999847
2023-11-03,0.99993083,129.60000610
2023-11-06,0.99993222,132.25000000
2023-11-07,0.99993224,132.30000305
2023-11-08,0.99993285,133.50000000
2023-11-09,0.99993293,133.64999390
2023-11-10,0.99993229,132.39999390
2023-11-13,0.99993379,135.39999390
2023-11-14,0.99993440,136.64999390
2023-11-15,0.99993588,139.80000305
2023-11-16,0.99993595,139.94999695
2023-11-17,0.99993629,140.69999695
2023-11-20,0.99993617,140.44999695
2023-11-21,0.99993770,143.89999390
2023-11-22,0.99993680,141.85000610
2023-11-23,0.99993676,141.75000000
2023-11-24,0.99993685,141.94999695
2023-11-27,0.99993569,139.39999390
2023-11-28,0.99993725,142.85000610
2023-11-29,0.99993716,142.64999390
2023-11-30,0.99993753,143.50000000
2023-12-01,0.99993766,143.80000305
2023-12-04,0.99993762,143.69999695
2023-12-05,0.99993676,141.75000000
2023-12-06,0.99993731,143.00000000
2023-12-07,0.99993656,141.30000305
2023-12-08,0.99993733,143.05000305
2023-12-11,0.99993755,143.55000305
2023-12-12,0.99993786,144.25000000
2023-12-13,0.99993788,144.30000305
2023-12-14,0.99993931,147.69999695
2023-12-15,0.99993957,148.35000610
2023-12-18,0.99993937,147.85000610
2023-12-19,0.99993873,146.30000305
2023-12-20,0.99993949,148.14999390
2023-12-21,0.99993847,145.69999695
2023-12-22,0.99993868,146.19999695
2023-12-25,0.99993908,147.14999390
2023-12-26,0.99993988,149.10000610
2023-12-27,0.99994079,151.39999390
2023-12-28,0.99994069,151.14999390
2023-12-29,0.99994071,151.19999695
2024-01-02,0.99994022,149.94999695
2024-01-03,0.99993856,145.89999390
2024-01-04,0.99993847,145.69999695
2024-01-05,0.99993824,145.14999390
2024-01-08,0.99993875,146.35000610
2024-01-09,0.99993868,146.19999695
2024-01-10,0.99993794,144.44999695
2024-01-11,0.99993873,146.30000305
2024-01-12,0.99993828,145.25000000
2024-01-15,0.99993875,146.35000610
2024-01-16,0.99993731,143.00000000
2024-01-17,0.99993624,140.60000610
2024-01-18,0.99993649,141.14999390
2024-01-19,0.99993945,148.05000305
2024-01-22,0.99994032,150.19999695
2024-01-23,0.99994071,151.19999695
2024-01-24,0.99994079,151.39999390
2024-01-25,0.99994160,153.50000000
2024-01-26,0.99994145,153.10000610
2024-01-29,0.99994243,155.69999695
2024-01-30,0.99994222,155.14999390
2024-01-31,0.99994102,152.00000000
2024-02-01,0.99994128,152.64999390
2024-02-02,0.99994213,154.89999390
2024-02-05,0.99994218,155.05000305
2024-02-15,0.99994574,165.19999695
2024-02-16,0.99994560,164.80000305
2024-02-19,0.99994567,165.00000000
2024-02-20,0.99994605,166.14999390
2024-02-21,0.99994574,165.19999695
2024-02-22,0.99994693,168.89999390
2024-02-23,0.99994710,169.44999695
2024-02-26,0.99994742,170.50000000
2024-02-27,0.99994691,168.85000610
2024-02-29,0.99994732,170.14999390
2024-03-01,0.99994722,169.85000610
2024-03-04,0.99994917,176.35000610
2024-03-05,0.99994967,178.10000610
2024-03-06,0.99995023,180.10000610
2024-03-07,0.99995133,184.19999695
2024-03-08,0.99995183,186.10000610
2024-03-11,0.99995149,184.80000305
2024-03-12,0.99995252,188.80000305
2024-03-13,0.99995248,188.64999390
2024-03-14,0.99995242,188.39999390
2024-03-15,0.99995164,185.35000610
2024-03-18,0.99995234,188.10000610
2024-03-19,0.99995220,187.55000305
2024-03-20,0.99995182,186.05000305
2024-03-21,0.99995382,194.10000610
2024-03-22,0.99995370,193.60000610
2024-03-25,0.99995383,194.14999390
2024-03-26,0.99995355,193.00000000
2024-03-27,0.99995387,194.35000610
2024-03-28,0.99995366,193.44999695
2024-03-29,0.99995395,194.64999390
2024-04-01,0.99995392,194.55000305
2024-04-02,0.99995500,199.19999695
2024-04-03,0.99995439,196.55000305
2024-04-08,0.99995479,198.30000305
2024-04-09,0.99995655,206.30000305
2024-04-10,0.99995641,205.64999390
2024-04-11,0.99995601,203.80000305
2024-04-12,0.99995607,204.05000305
2024-04-15,0.99995499,199.14999390
2024-04-16,0.99995219,187.50000000
2024-04-17,0.99995333,192.10000610
2024-04-18,0.99995387,194.35000610
2024-04-19,0.99994992,179.00000000
2024-04-22,0.99994977,178.44999695
2024-04-23,0.99995066,181.69999695
2024-04-24,0.99995305,190.94999695
2024-04-25,0.99995154,185.00000000
2024-04-26,0.99995297,190.60000610
2024-04-29,0.99995461,197.50000000
2024-04-30,0.99995434,196.35000610
2024-05-02,0.99995358,193.10000610
2024-05-03,0.99995379,194.00000000
2024-05-06,0.99995492,198.85000610
2024-05-07,0.99995519,200.05000305
2024-05-08,0.99995545,201.19999695
2024-05-09,0.99995508,199.55000305
2024-05-10,0.99995576,202.64999390
2024-05-13,0.99995612,204.30000305
2024-05-14,0.99995670,207.05000305
2024-05-15,0.99995759,211.39999390
2024-05-16,0.99995814,214.14999390
2024-05-17,0.99995798,213.35000610
2024-05-20,0.99995796,213.25000000
2024-05-21,0.99995780,212.44999695
2024-05-22,0.99995901,218.69999695
2024-05-23,0.99995917,219.55000305
2024-05-24,0.99995906,218.94999695
2024-05-27,0.99996008,224.55000305
2024-05-28,0.99996042,226.50000000
2024-05-29,0.00000000,221.94999695
2024-05-30,0.00000000,214.30000305
2024-05-31,0.00000000,212.10000610
2024-06-03,0.00000000,219.55000305
2024-06-04,0.00000000,213.39999390
2024-06-05,0.00000000,215.50000000
2024-06-06,0.00000000,224.44999695
2024-06-07,0.00000000,223.69999695
2024-06-11,0.00000000,223.05000305
2024-06-12,0.00000000,228.10000610
2024-06-13,0.00000000,234.19999695
2024-06-14,0.00000000,237.10000610
2024-06-17,0.00000000,237.10000610
2024-06-18,0.00000000,244.14999390
2024-06-19,0.00000000,253.94999695
2024-06-20,0.00000000,259.14999390
2024-06-21,0.00000000,256.04998779
2024-06-24,0.00000000,245.00000000
2024-06-25,0.00000000,245.44999695
2024-06-26,0.00000000,248.30000305
2024-06-27,0.00000000,246.75000000
2024-06-28,0.00000000,250.80000305
2024-07-01,0.00000000,250.80000305
2024-07-02,0.00000000,247.10000610
2024-07-03,0.00000000,253.89999390
2024-07-04,0.00000000,264.70001221
2024-07-05,0.00000000,263.20001221
2024-07-08,0.00000000,271.70001221
2024-07-09,0.00000000,270.85000610
2024-07-10,0.00000000,273.00000000
2024-07-11,0.00000000,281.89999390
2024-07-12,0.00000000,269.50000000
2024-07-15,0.00000000,269.50000000
2024-07-16,0.00000000,272.00000000
2024-07-17,0.00000000,268.29998779
2024-07-18,0.00000000,259.14999390
2024-07-19,0.00000000,248.25000000
2024-07-22,0.00000000,236.75000000
2024-07-23,0.00000000,247.39999390
2024-07-26,0.00000000,231.64999390
2024-07-29,0.00000000,233.50000000
2024-07-30,0.00000000,234.10000610
2024-07-31,0.00000000,233.94999695
2024-08-01,0.00000000,242.00000000
2024-08-02,0.00000000,219.00000000
2024-08-05,0.00000000,176.89999390
2024-08-06,0.00000000,194.00000000
2024-08-07,0.00000000,209.30000305
2024-08-08,0.00000000,200.35000610
2024-08-09,0.99993926,211.69999695
2024-08-12,0.99994074,217.00000000
2024-08-13,0.99994112,218.39999390
2024-08-14,0.99994237,223.14999390
2024-08-15,0.99994186,221.19999695
2024-08-16,0.99994431,230.89999390
2024-08-19,0.99994428,230.80000305
2024-08-20,0.99994445,231.50000000
2024-08-21,0.99994371,228.44999695
2024-08-22,0.99994297,225.50000000
2024-08-23,0.99994326,226.64999390
2024-08-26,0.99994347,227.50000000
2024-08-27,0.99994342,227.30000305
2024-08-28,0.99994450,231.69999695
2024-08-29,0.99994346,227.44999695
2024-08-30,0.99994406,229.89999390
2024-09-02,0.99994360,228.00000000
2024-09-03,0.99994291,225.25000000
2024-09-04,0.99993682,203.55000305
2024-09-05,0.99993747,205.64999390
2024-09-06,0.99993895,210.64999390
2024-09-09,0.99993729,205.05000305
2024-09-10,0.99993701,204.14999390
2024-09-11,0.99993656,202.69999695
2024-09-12,0.99994067,216.75000000
2024-09-13,0.99994120,218.69999695
2024-09-16,0.99994144,219.60000610
2024-09-18,0.99994048,216.05000305
2024-09-19,0.99994242,223.35000610
2024-09-20,0.99994311,226.05000305
2024-09-23,0.99994389,229.19999695
2024-09-24,0.99994463,232.25000000
2024-09-25,0.99994624,239.19999695
2024-09-26,0.99994682,241.80000305
2024-09-27,0.99994675,241.50000000
2024-09-30,0.99994383,228.94999695
2024-10-01,0.99994409,230.00000000
2024-10-04,0.99994362,228.10000610
2024-10-07,0.99994601,238.19999695
2024-10-08,0.99994502,233.89999390
2024-10-09,0.99994551,236.00000000
2024-10-11,0.99994676,241.55000305
2024-10-14,0.99994709,243.05000305
2024-10-15,0.99994844,249.39999390
2024-10-16,0.99994719,243.50000000
2024-10-17,0.99994753,245.10000610
2024-10-18,0.99994935,253.89999390
2024-10-21,0.99994941,254.19999695
2024-10-22,0.99994927,253.50000000
2024-10-23,0.99994850,249.69999695
2024-10-24,0.99994792,246.89999390
2024-10-25,0.99994866,250.50000000
2024-10-28,0.99994822,248.35000610
2024-10-29,0.99994642,240.00000000
2024-10-30,0.99994621,239.05000305
2024-11-01,0.99994566,236.64999390
2024-11-04,0.99994685,241.94999695
2024-11-05,0.99994708,243.00000000
2024-11-06,0.99994788,246.75000000
2024-11-07,0.99994890,251.64999390
2024-11-08,0.99994940,254.14999390
2024-11-11,0.99994930,253.64999390
2024-11-12,0.99994635,239.69999695
2024-11-13,0.99994608,238.50000000
2024-11-14,0.99994507,234.10000610
2024-11-15,0.99994597,238.00000000
2024-11-18,0.99994459,232.10000610
2024-11-19,0.99994606,238.39999390
2024-11-20,0.00000000,236.19999695
2024-11-21,0.00000000,232.50000000
2024-11-22,0.00000000,240.39999390
2024-11-25,0.00000000,241.00000000
2024-11-26,0.00000000,233.64999390
2024-11-27,0.00000000,226.89999390
2024-11-28,0.00000000,225.55000305
2024-11-29,0.00000000,227.25000000
2024-12-02,0.00000000,235.55000305
2024-12-03,0.00000000,241.14999390
2024-12-04,0.00000000,245.00000000
2024-12-05,0.00000000,245.35000610
2024-12-06,0.00000000,244.35000610
2024-12-09,0.00000000,244.19999695
2024-12-10,0.00000000,241.44999695
2024-12-11,0.99995014,237.25000000
2024-12-12,0.99995100,241.39999390
2024-12-13,0.99995078,240.35000610
2024-12-16,0.99995050,239.00000000
2024-12-17,0.99995107,241.75000000
2024-12-18,0.99995107,241.75000000
2024-12-19,0.99994992,236.19999695
2024-12-20,0.99994896,231.75000000
2024-12-23,0.99995130,242.89999390
2024-12-24,0.99995133,243.05000305
2024-12-25,0.99995179,245.39999390
2024-12-26,0.99995168,244.80000305
2024-12-27,0.99995192,246.05000305
2024-12-30,0.99995116,242.19999695
2024-12-31,0.99995078,240.35000610
2025-01-02,0.99994954,234.44999695
2025-01-03,0.99995032,238.10000610
2025-01-06,0.99995290,251.14999390
2025-01-07,0.99995344,254.05000305
2025-01-08,0.99995238,248.39999390
2025-01-09,0.99995102,241.50000000
2025-01-10,0.99995077,240.30000305
2025-01-13,0.99994834,229.00000000
2025-01-14,0.99994913,232.55000305
2025-01-15,0.99994825,228.60000610
2025-01-16,0.99995026,237.85000610
2025-01-17,0.99995058,239.35000610
2025-01-20,0.99995155,244.14999390
2025-01-21,0.99995165,244.64999390
2025-01-22,0.99995285,250.89999390
2025-02-03,0.99994845,229.50000000
2025-02-04,0.99994871,230.64999390
2025-02-05,0.99995064,239.64999390
2025-02-06,0.99995089,240.89999390
2025-02-07,0.99995170,244.89999390
2025-02-10,0.99995087,240.80000305
2025-02-11,0.99995127,242.75000000
2025-02-12,0.99995116,242.19999695
2025-02-13,0.99995151,243.94999695
2025-02-14,0.99995050,239.00000000
2025-02-17,0.99995198,246.35000610
2025-02-18,0.99995241,248.55000305
2025-02-19,0.99995220,247.50000000
2025-02-20,0.99995189,245.89999390
2025-02-21,0.99995277,250.44999695
2025-02-24,0.99995210,246.94999695
2025-02-25,0.99995091,241.00000000
2025-02-26,0.99995135,243.14999390
2025-02-27,0.99995039,238.44999695
2025-03-03,0.99994844,229.44999695
2025-03-04,0.99994788,226.94999695
2025-03-05,0.99994914,232.60000610
2025-03-06,0.99994849,229.64999390
2025-03-07,0.99994752,225.39999390
2025-03-10,0.99994713,223.75000000
2025-03-11,0.99994511,215.50000000
2025-03-12,0.99994570,217.85000610
2025-03-13,0.99994471,213.94999695
2025-03-14,0.99994467,213.80000305
2025-03-17,0.99994556,217.30000305
2025-03-18,0.99994600,219.05000305
2025-03-19,0.99994495,214.89999390
2025-03-20,0.99994676,222.19999695
2025-03-21,0.99994579,218.19999695
2025-03-24,0.99994545,216.85000610
2025-03-25,0.99994629,220.25000000
2025-03-26,0.99994640,220.69999695
2025-03-27,0.99994454,213.30000305
2025-03-28,0.99994260,206.10000610
2025-03-31,0.99993807,191.00000000
2025-04-01,0.99994057,199.05000305
2025-04-02,0.99994094,200.30000305
2025-04-07,0.99992618,160.25000000
2025-04-08,0.99991687,142.30000305
2025-04-09,0.99990645,126.44999695
2025-04-10,0.99992202,151.69999695
2025-04-11,0.99992611,160.10000610
2025-04-14,0.99992595,159.75000000
2025-04-15,0.99992831,165.00000000
2025-04-16,0.99992518,158.10000610
2025-04-17,0.99992480,157.30000305
2025-04-18,0.99992508,157.89999390
2025-04-21,0.99992251,152.64999390
2025-04-22,0.99992045,148.69999695
2025-04-23,0.99992657,161.10000610
2025-04-24,0.99992541,158.60000610
2025-04-25,0.99992857,165.60000610
2025-04-28,0.99992952,167.85000610
2025-04-29,0.99993080,170.94999695
2025-04-30,0.99993054,170.30000305
2025-05-02,0.99993423,179.85000610
2025-05-05,0.99993246,175.14999390
2025-05-06,0.99993231,174.75000000
2025-05-07,0.99993211,174.25000000
2025-05-08,0.99993367,178.35000610
2025-05-09,0.99993516,182.44999695
2025-05-12,0.99993654,186.39999390
2025-05-13,0.99993798,190.75000000
2025-05-14,0.99994047,198.69999695
2025-05-15,0.99994012,197.55000305
2025-05-16,0.99994090,200.14999390
2025-05-19,0.99993905,194.10000610
2025-05-20,0.99993921,194.60000610
2025-05-21,0.99994070,199.50000000
2025-05-22,0.99993946,195.39999390
2025-05-23,0.99993926,194.75000000
2025-05-26,0.99993890,193.60000610
2025-05-27,0.99993777,190.10000610
2025-05-28,0.99993802,190.85000610
2025-05-29,0.99993837,191.94999695
2025-06-02,0.99993560,183.69999695
2025-06-03,0.99993645,186.14999390
2025-06-04,0.99993955,195.69999695
2025-06-05,0.99993965,196.00000000
2025-06-06,0.99993986,196.69999695
2025-06-09,0.99994059,199.10000610
2025-06-10,0.99994280,206.80000305
2025-06-11,0.99994383,210.60000610
2025-06-12,0.99994340,209.00000000
2025-06-13,0.99994205,204.14999390
2025-06-16,0.99994237,205.25000000
2025-06-17,0.99994271,206.50000000
2025-06-18,0.99994353,209.50000000
2025-06-19,0.99994232,205.10000610
2025-06-20,0.99994198,203.89999390
2025-06-23,0.99994100,200.50000000
2025-06-24,0.99994348,209.30000305
2025-06-25,0.99994466,213.75000000
2025-06-26,0.99994438,212.69999695
2025-06-27,0.99994425,212.19999695
2025-06-30,0.99994459,213.50000000
2025-07-01,0.99994562,217.55000305
2025-07-02,0.99994571,217.89999390
2025-07-03,0.99994718,223.94999695
2025-07-04,0.99994603,219.19999695
2025-07-07,0.99994532,216.35000610
2025-07-08,0.99994494,214.85000610
2025-07-09,0.99994596,218.89999390
2025-07-10,0.99994663,221.64999390
2025-07-11,0.99994738,224.80000305
2025-07-14,0.99994641,220.75000000
2025-07-15,0.99994782,226.69999695
2025-07-16,0.99994871,230.64999390
2025-07-17,0.99994950,234.25000000
2025-07-18,0.99995047,238.85000610
2025-07-21,0.99995017,237.39999390
2025-07-22,0.99994922,232.94999695
2025-07-23,0.99995005,236.85000610
2025-07-24,0.99995064,239.64999390
2025-07-25,0.99995034,238.19999695
2025-07-28,0.99995083,240.60000610
2025-07-29,0.99994979,235.60000610
2025-07-30,0.99995073,240.10000610
2025-07-31,0.99995176,245.19999695
2025-08-01,0.99995089,240.89999390
2025-08-04,0.99995047,238.85000610
2025-08-05,0.99995165,244.64999390
2025-08-06,0.99995093,241.10000610
2025-08-07,0.99995328,253.19999695
2025-08-08,0.99995319,252.69999695
2025-08-11,0.99995393,256.75000000
2025-08-12,0.99995402,257.29998779
2025-08-13,0.99995454,260.25000000
2025-08-14,0.99995438,259.29998779
2025-08-15,0.99995449,259.95001221
2025-08-18,0.99995499,262.85000610
2025-08-19,0.00000000,260.29998779
